INSERT INTO LOOKUP_REQUEST_TYPE (ID, REQUEST_TYPE) VALUES (11000, 'Create New Customer');
INSERT INTO LOOKUP_REQUEST_TYPE (ID, REQUEST_TYPE) VALUES (11001, 'Address Amendment');
INSERT INTO LOOKUP_REQUEST_TYPE (ID, REQUEST_TYPE) VALUES (11002, 'KYC Amendment');
INSERT INTO LOOKUP_REQUEST_TYPE (ID, REQUEST_TYPE) VALUES (11003, 'Product Amendment');
INSERT INTO LOOKUP_REQUEST_TYPE (ID, REQUEST_TYPE) VALUES (11004, 'Document Amendment');
INSERT INTO LOOKUP_REQUEST_TYPE (ID, REQUEST_TYPE) VALUES (11005, 'Periodic Review');
INSERT INTO LOOKUP_REQUEST_TYPE (ID, REQUEST_TYPE) VALUES (11006, 'Customer Lifecycle Request');

INSERT INTO LOOKUP_STAGE_TYPE (ID, STAGE, STAGE_PERMISSION) VALUES (19000, 'Collect KYC', 28002);
INSERT INTO LOOKUP_STAGE_TYPE (ID, STAGE, STAGE_PERMISSION) VALUES (19001, 'Update Products', 28002);
INSERT INTO LOOKUP_STAGE_TYPE (ID, STAGE, STAGE_PERMISSION) VALUES (19002, 'Update Documents', 28003);
INSERT INTO LOOKUP_STAGE_TYPE (ID, STAGE, STAGE_PERMISSION) VALUES (19003, 'Review and Submit', 28004);
INSERT INTO LOOKUP_STAGE_TYPE (ID, STAGE, STAGE_PERMISSION) VALUES (19004, 'Manager Approval', 28005);
INSERT INTO LOOKUP_STAGE_TYPE (ID, STAGE, STAGE_PERMISSION) VALUES (19005, 'Closed', 0);
INSERT INTO LOOKUP_STAGE_TYPE (ID, STAGE, STAGE_PERMISSION) VALUES (19006, 'Update Customer Status', 28002);
INSERT INTO LOOKUP_STAGE_TYPE (ID, STAGE, STAGE_PERMISSION) VALUES (19007, 'Update Address', 28002);

INSERT INTO LOOKUP_STATUS_TYPE (ID, STATUS_TYPE_NAME) VALUES (26000, 'IN_PROGRESS');
INSERT INTO LOOKUP_STATUS_TYPE (ID, STATUS_TYPE_NAME) VALUES (26001, 'PENDING');
INSERT INTO LOOKUP_STATUS_TYPE (ID, STATUS_TYPE_NAME) VALUES (26002, 'COMPLETE');


INSERT INTO LOOKUP_CUSTOMER_STATUS_TYPE (ID, CUSTOMER_STATUS) VALUES (20000, 'NEW');
INSERT INTO LOOKUP_CUSTOMER_STATUS_TYPE (ID, CUSTOMER_STATUS) VALUES (20001, 'ACTIVE');
INSERT INTO LOOKUP_CUSTOMER_STATUS_TYPE (ID, CUSTOMER_STATUS) VALUES (20002, 'CLOSED');
INSERT INTO LOOKUP_CUSTOMER_STATUS_TYPE (ID, CUSTOMER_STATUS) VALUES (20003, 'SUSPEND');

INSERT INTO LOOKUP_TITLE_TYPE (ID, TITLE) VALUES (12000, 'Mr');
INSERT INTO LOOKUP_TITLE_TYPE (ID, TITLE) VALUES (12001, 'Mrs');
INSERT INTO LOOKUP_TITLE_TYPE (ID, TITLE) VALUES (12002, 'Miss');
INSERT INTO LOOKUP_TITLE_TYPE (ID, TITLE) VALUES (12003, 'Ms');
INSERT INTO LOOKUP_TITLE_TYPE (ID, TITLE) VALUES (12004, 'Master');

INSERT INTO LOOKUP_MARITAL_STATUS_TYPE (ID, MARITAL_STATUS) VALUES (13000, 'Single');
INSERT INTO LOOKUP_MARITAL_STATUS_TYPE (ID, MARITAL_STATUS) VALUES (13001, 'Married');
INSERT INTO LOOKUP_MARITAL_STATUS_TYPE (ID, MARITAL_STATUS) VALUES (13002, 'Widowed');
INSERT INTO LOOKUP_MARITAL_STATUS_TYPE (ID, MARITAL_STATUS) VALUES (13003, 'Divorced');
INSERT INTO LOOKUP_MARITAL_STATUS_TYPE (ID, MARITAL_STATUS) VALUES (13004, 'Separated');
INSERT INTO LOOKUP_MARITAL_STATUS_TYPE (ID, MARITAL_STATUS) VALUES (13005, 'Registered Partnership');

INSERT INTO LOOKUP_CUSTOMER_TYPE (ID, CUSTOMER_TYPE) VALUES (14000, 'Individual');
INSERT INTO LOOKUP_CUSTOMER_TYPE (ID, CUSTOMER_TYPE) VALUES (14001, 'Young Adult');
INSERT INTO LOOKUP_CUSTOMER_TYPE (ID, CUSTOMER_TYPE) VALUES (14002, 'Senior Citizen');

INSERT INTO LOOKUP_HOME_OWNERSHIP_TYPE (ID, HOME_OWNERSHIP_TYPE) VALUES (21000, 'Renting');
INSERT INTO LOOKUP_HOME_OWNERSHIP_TYPE (ID, HOME_OWNERSHIP_TYPE) VALUES (21001, 'Loan/Mortgaged');
INSERT INTO LOOKUP_HOME_OWNERSHIP_TYPE (ID, HOME_OWNERSHIP_TYPE) VALUES (21002, 'Living with Parents');
INSERT INTO LOOKUP_HOME_OWNERSHIP_TYPE (ID, HOME_OWNERSHIP_TYPE) VALUES (21003, 'Fully owned');
INSERT INTO LOOKUP_HOME_OWNERSHIP_TYPE (ID, HOME_OWNERSHIP_TYPE) VALUES (21004, 'Company residence');

INSERT INTO LOOKUP_RELATIONSHIP_TYPE (ID, RELATIONSHIP_TYPE) VALUES (22000, 'Wife');
INSERT INTO LOOKUP_RELATIONSHIP_TYPE (ID, RELATIONSHIP_TYPE) VALUES (22001, 'Husband');
INSERT INTO LOOKUP_RELATIONSHIP_TYPE (ID, RELATIONSHIP_TYPE) VALUES (22002, 'Father');
INSERT INTO LOOKUP_RELATIONSHIP_TYPE (ID, RELATIONSHIP_TYPE) VALUES (22003, 'Mother');
INSERT INTO LOOKUP_RELATIONSHIP_TYPE (ID, RELATIONSHIP_TYPE) VALUES (22004, 'Son');
INSERT INTO LOOKUP_RELATIONSHIP_TYPE (ID, RELATIONSHIP_TYPE) VALUES (22005, 'Daughter');
INSERT INTO LOOKUP_RELATIONSHIP_TYPE (ID, RELATIONSHIP_TYPE) VALUES (22006, 'Sibling');
INSERT INTO LOOKUP_RELATIONSHIP_TYPE (ID, RELATIONSHIP_TYPE) VALUES (22007, 'Relative');
INSERT INTO LOOKUP_RELATIONSHIP_TYPE (ID, RELATIONSHIP_TYPE) VALUES (22008, 'Will Executioner');

INSERT INTO LOOKUP_PROFESSION_TYPE (ID, PROFESSION) VALUES (15000, 'Accountants ');
INSERT INTO LOOKUP_PROFESSION_TYPE (ID, PROFESSION) VALUES (15001, 'Clerks ');
INSERT INTO LOOKUP_PROFESSION_TYPE (ID, PROFESSION) VALUES (15002, 'Librarians');
INSERT INTO LOOKUP_PROFESSION_TYPE (ID, PROFESSION) VALUES (15003, 'Actors & Actresses ');
INSERT INTO LOOKUP_PROFESSION_TYPE (ID, PROFESSION) VALUES (15004, 'Coroners ');
INSERT INTO LOOKUP_PROFESSION_TYPE (ID, PROFESSION) VALUES (15005, 'Managers');
INSERT INTO LOOKUP_PROFESSION_TYPE (ID, PROFESSION) VALUES (15006, 'Agents (Financial products) ');
INSERT INTO LOOKUP_PROFESSION_TYPE (ID, PROFESSION) VALUES (15007, 'Dealers (Financial products & cars)');
INSERT INTO LOOKUP_PROFESSION_TYPE (ID, PROFESSION) VALUES (15008, 'Marketing Professionals');
INSERT INTO LOOKUP_PROFESSION_TYPE (ID, PROFESSION) VALUES (15009, 'Acupuncturists ');
INSERT INTO LOOKUP_PROFESSION_TYPE (ID, PROFESSION) VALUES (15010, 'Dentists ');
INSERT INTO LOOKUP_PROFESSION_TYPE (ID, PROFESSION) VALUES (15011, 'MRT Staff');
INSERT INTO LOOKUP_PROFESSION_TYPE (ID, PROFESSION) VALUES (15012, 'Advertising Professionals ');
INSERT INTO LOOKUP_PROFESSION_TYPE (ID, PROFESSION) VALUES (15013, 'Designers ');
INSERT INTO LOOKUP_PROFESSION_TYPE (ID, PROFESSION) VALUES (15014, 'Music Industry Professionals');
INSERT INTO LOOKUP_PROFESSION_TYPE (ID, PROFESSION) VALUES (15015, 'Analysts ');
INSERT INTO LOOKUP_PROFESSION_TYPE (ID, PROFESSION) VALUES (15016, 'Doctors ');
INSERT INTO LOOKUP_PROFESSION_TYPE (ID, PROFESSION) VALUES (15017, 'Opticians');
INSERT INTO LOOKUP_PROFESSION_TYPE (ID, PROFESSION) VALUES (15018, 'Architects ');
INSERT INTO LOOKUP_PROFESSION_TYPE (ID, PROFESSION) VALUES (15019, 'Editors ');
INSERT INTO LOOKUP_PROFESSION_TYPE (ID, PROFESSION) VALUES (15020, 'Principals');
INSERT INTO LOOKUP_PROFESSION_TYPE (ID, PROFESSION) VALUES (15021, 'Artists ');
INSERT INTO LOOKUP_PROFESSION_TYPE (ID, PROFESSION) VALUES (15022, 'Executives ');
INSERT INTO LOOKUP_PROFESSION_TYPE (ID, PROFESSION) VALUES (15023, 'Physios');
INSERT INTO LOOKUP_PROFESSION_TYPE (ID, PROFESSION) VALUES (15024, 'Auditors ');
INSERT INTO LOOKUP_PROFESSION_TYPE (ID, PROFESSION) VALUES (15025, 'Home Makers ');
INSERT INTO LOOKUP_PROFESSION_TYPE (ID, PROFESSION) VALUES (15026, 'Receptionists');
INSERT INTO LOOKUP_PROFESSION_TYPE (ID, PROFESSION) VALUES (15027, 'Authors ');
INSERT INTO LOOKUP_PROFESSION_TYPE (ID, PROFESSION) VALUES (15028, 'Insurance Professionals ');
INSERT INTO LOOKUP_PROFESSION_TYPE (ID, PROFESSION) VALUES (15029, 'Retirees');
INSERT INTO LOOKUP_PROFESSION_TYPE (ID, PROFESSION) VALUES (15030, 'Banking Professionals ');
INSERT INTO LOOKUP_PROFESSION_TYPE (ID, PROFESSION) VALUES (15031, 'IT Professionals ');
INSERT INTO LOOKUP_PROFESSION_TYPE (ID, PROFESSION) VALUES (15032, 'Sales Executives');
INSERT INTO LOOKUP_PROFESSION_TYPE (ID, PROFESSION) VALUES (15033, 'Brokers ');
INSERT INTO LOOKUP_PROFESSION_TYPE (ID, PROFESSION) VALUES (15034, 'Jewellers (Retail Only) ');
INSERT INTO LOOKUP_PROFESSION_TYPE (ID, PROFESSION) VALUES (15035, 'Social Workers');
INSERT INTO LOOKUP_PROFESSION_TYPE (ID, PROFESSION) VALUES (15036, 'Buyers ');
INSERT INTO LOOKUP_PROFESSION_TYPE (ID, PROFESSION) VALUES (15037, 'Journalists (Not covering war) ');
INSERT INTO LOOKUP_PROFESSION_TYPE (ID, PROFESSION) VALUES (15038, 'Students');
INSERT INTO LOOKUP_PROFESSION_TYPE (ID, PROFESSION) VALUES (15039, 'Cashiers ');
INSERT INTO LOOKUP_PROFESSION_TYPE (ID, PROFESSION) VALUES (15040, 'Lawyers ');
INSERT INTO LOOKUP_PROFESSION_TYPE (ID, PROFESSION) VALUES (15041, 'Teachers');
INSERT INTO LOOKUP_PROFESSION_TYPE (ID, PROFESSION) VALUES (15042, 'Chiropractors ');
INSERT INTO LOOKUP_PROFESSION_TYPE (ID, PROFESSION) VALUES (15043, 'Lecturers ');
INSERT INTO LOOKUP_PROFESSION_TYPE (ID, PROFESSION) VALUES (15044, 'Welfare Professionals');
INSERT INTO LOOKUP_PROFESSION_TYPE (ID, PROFESSION) VALUES (15045, 'Business Man');
INSERT INTO LOOKUP_PROFESSION_TYPE (ID, PROFESSION) VALUES (15046, 'Other');

INSERT INTO LOOKUP_EMPLOYMENT_STATUS_TYPE (ID, EMPLOYMENT_STATUS) VALUES (16000, 'Self-Employed (Sole Proprietor/Freelance) ');
INSERT INTO LOOKUP_EMPLOYMENT_STATUS_TYPE (ID, EMPLOYMENT_STATUS) VALUES (16001, 'Self-Employed (Business Owner');
INSERT INTO LOOKUP_EMPLOYMENT_STATUS_TYPE (ID, EMPLOYMENT_STATUS) VALUES (16002, 'Employed Staff');
INSERT INTO LOOKUP_EMPLOYMENT_STATUS_TYPE (ID, EMPLOYMENT_STATUS) VALUES (16003, 'Homemaker');
INSERT INTO LOOKUP_EMPLOYMENT_STATUS_TYPE (ID, EMPLOYMENT_STATUS) VALUES (16004, 'Key Controller (such as CEO, CFO, COO, MD) ');
INSERT INTO LOOKUP_EMPLOYMENT_STATUS_TYPE (ID, EMPLOYMENT_STATUS) VALUES (16005, 'Unemployed');
INSERT INTO LOOKUP_EMPLOYMENT_STATUS_TYPE (ID, EMPLOYMENT_STATUS) VALUES (16006, 'Retired ');
INSERT INTO LOOKUP_EMPLOYMENT_STATUS_TYPE (ID, EMPLOYMENT_STATUS) VALUES (16007, 'Student');

INSERT INTO LOOKUP_EDUCATION_LEVEL_TYPE (ID, EDUCATION_LEVEL) VALUES (17000, 'Primary ');
INSERT INTO LOOKUP_EDUCATION_LEVEL_TYPE (ID, EDUCATION_LEVEL) VALUES (17001, 'Secondary/Post Secondary ');
INSERT INTO LOOKUP_EDUCATION_LEVEL_TYPE (ID, EDUCATION_LEVEL) VALUES (17002, 'Vocational/Technical ');
INSERT INTO LOOKUP_EDUCATION_LEVEL_TYPE (ID, EDUCATION_LEVEL) VALUES (17003, 'University/Tertiary ');
INSERT INTO LOOKUP_EDUCATION_LEVEL_TYPE (ID, EDUCATION_LEVEL) VALUES (17004, 'Post-graduate');

INSERT INTO LOOKUP_YEARLY_INCOME_TYPE (ID, YEARLY_INCOME) VALUES (18000, 'Under $15K');
INSERT INTO LOOKUP_YEARLY_INCOME_TYPE (ID, YEARLY_INCOME) VALUES (18001, '$15K - $24.9K');
INSERT INTO LOOKUP_YEARLY_INCOME_TYPE (ID, YEARLY_INCOME) VALUES (18002, '$25K - $34.9K');
INSERT INTO LOOKUP_YEARLY_INCOME_TYPE (ID, YEARLY_INCOME) VALUES (18003, '$35K - $49.9K');
INSERT INTO LOOKUP_YEARLY_INCOME_TYPE (ID, YEARLY_INCOME) VALUES (18004, '$50K - $74.9K');
INSERT INTO LOOKUP_YEARLY_INCOME_TYPE (ID, YEARLY_INCOME) VALUES (18005, '$75K - $99.9K');
INSERT INTO LOOKUP_YEARLY_INCOME_TYPE (ID, YEARLY_INCOME) VALUES (18006, '$100K - $149.9K');
INSERT INTO LOOKUP_YEARLY_INCOME_TYPE (ID, YEARLY_INCOME) VALUES (18007, '$150K - $159.9K');
INSERT INTO LOOKUP_YEARLY_INCOME_TYPE (ID, YEARLY_INCOME) VALUES (18008, 'Over 200K');

INSERT INTO LOOKUP_DOCUMENT_TYPE (ID, DOCUMENT_TYPE_NAME) VALUES (23000, 'National Identity Card');
INSERT INTO LOOKUP_DOCUMENT_TYPE (ID, DOCUMENT_TYPE_NAME) VALUES (23001, 'Driving License');
INSERT INTO LOOKUP_DOCUMENT_TYPE (ID, DOCUMENT_TYPE_NAME) VALUES (23002, 'Passport');
INSERT INTO LOOKUP_DOCUMENT_TYPE (ID, DOCUMENT_TYPE_NAME) VALUES (23003, 'Utility Bill');
INSERT INTO LOOKUP_DOCUMENT_TYPE (ID, DOCUMENT_TYPE_NAME) VALUES (23004, 'PAN Card');
INSERT INTO LOOKUP_DOCUMENT_TYPE (ID, DOCUMENT_TYPE_NAME) VALUES (23005, 'Bank Account Statement');
INSERT INTO LOOKUP_DOCUMENT_TYPE (ID, DOCUMENT_TYPE_NAME) VALUES (23006, 'Rent or Lease Agreement');
INSERT INTO LOOKUP_DOCUMENT_TYPE (ID, DOCUMENT_TYPE_NAME) VALUES (23007, 'Letter of Employment');
INSERT INTO LOOKUP_DOCUMENT_TYPE (ID, DOCUMENT_TYPE_NAME) VALUES (23008, 'Voters Identity Card');
INSERT INTO LOOKUP_DOCUMENT_TYPE (ID, DOCUMENT_TYPE_NAME) VALUES (23009, 'Ration Card');
INSERT INTO LOOKUP_DOCUMENT_TYPE (ID, DOCUMENT_TYPE_NAME) VALUES (23010, 'Marriage Certificate');

INSERT INTO LOOKUP_COUNTRY_TYPE (ID, ISO2, COUNTRY_NAME_CAPS, COUNTRY_NAME, ISO3, COUNTRY_CODE, PHONE_CODE) VALUES(21000, 'AF', 'AFGHANISTAN', 'Afghanistan', 'AFG', 4, 93);
INSERT INTO LOOKUP_COUNTRY_TYPE (ID, ISO2, COUNTRY_NAME_CAPS, COUNTRY_NAME, ISO3, COUNTRY_CODE, PHONE_CODE) VALUES(21001, 'AL', 'ALBANIA', 'Albania', 'ALB', 8, 355);
INSERT INTO LOOKUP_COUNTRY_TYPE (ID, ISO2, COUNTRY_NAME_CAPS, COUNTRY_NAME, ISO3, COUNTRY_CODE, PHONE_CODE) VALUES(21002, 'DZ', 'ALGERIA', 'Algeria', 'DZA', 12, 213);
INSERT INTO LOOKUP_COUNTRY_TYPE (ID, ISO2, COUNTRY_NAME_CAPS, COUNTRY_NAME, ISO3, COUNTRY_CODE, PHONE_CODE) VALUES(21003, 'AS', 'AMERICAN SAMOA', 'American Samoa', 'ASM', 16, 1684);
INSERT INTO LOOKUP_COUNTRY_TYPE (ID, ISO2, COUNTRY_NAME_CAPS, COUNTRY_NAME, ISO3, COUNTRY_CODE, PHONE_CODE) VALUES(21004, 'AD', 'ANDORRA', 'Andorra', 'AND', 20, 376);
INSERT INTO LOOKUP_COUNTRY_TYPE (ID, ISO2, COUNTRY_NAME_CAPS, COUNTRY_NAME, ISO3, COUNTRY_CODE, PHONE_CODE) VALUES(21005, 'AO', 'ANGOLA', 'Angola', 'AGO', 24, 244);
INSERT INTO LOOKUP_COUNTRY_TYPE (ID, ISO2, COUNTRY_NAME_CAPS, COUNTRY_NAME, ISO3, COUNTRY_CODE, PHONE_CODE) VALUES(21006, 'AI', 'ANGUILLA', 'Anguilla', 'AIA', 660, 1264);
INSERT INTO LOOKUP_COUNTRY_TYPE (ID, ISO2, COUNTRY_NAME_CAPS, COUNTRY_NAME, ISO3, COUNTRY_CODE, PHONE_CODE) VALUES(21007, 'AQ', 'ANTARCTICA', 'Antarctica', 'ATA', NULL, 672);
INSERT INTO LOOKUP_COUNTRY_TYPE (ID, ISO2, COUNTRY_NAME_CAPS, COUNTRY_NAME, ISO3, COUNTRY_CODE, PHONE_CODE) VALUES(21008, 'AG', 'ANTIGUA AND BARBUDA', 'Antigua and Barbuda', 'ATG', 28, 1268);
INSERT INTO LOOKUP_COUNTRY_TYPE (ID, ISO2, COUNTRY_NAME_CAPS, COUNTRY_NAME, ISO3, COUNTRY_CODE, PHONE_CODE) VALUES(21009, 'AR', 'ARGENTINA', 'Argentina', 'ARG', 32, 54);
INSERT INTO LOOKUP_COUNTRY_TYPE (ID, ISO2, COUNTRY_NAME_CAPS, COUNTRY_NAME, ISO3, COUNTRY_CODE, PHONE_CODE) VALUES(21010, 'AM', 'ARMENIA', 'Armenia', 'ARM', 51, 374);
INSERT INTO LOOKUP_COUNTRY_TYPE (ID, ISO2, COUNTRY_NAME_CAPS, COUNTRY_NAME, ISO3, COUNTRY_CODE, PHONE_CODE) VALUES(21011, 'AW', 'ARUBA', 'Aruba', 'ABW', 533, 297);
INSERT INTO LOOKUP_COUNTRY_TYPE (ID, ISO2, COUNTRY_NAME_CAPS, COUNTRY_NAME, ISO3, COUNTRY_CODE, PHONE_CODE) VALUES(21012, 'AU', 'AUSTRALIA', 'Australia', 'AUS', 36, 61);
INSERT INTO LOOKUP_COUNTRY_TYPE (ID, ISO2, COUNTRY_NAME_CAPS, COUNTRY_NAME, ISO3, COUNTRY_CODE, PHONE_CODE) VALUES(21013, 'AT', 'AUSTRIA', 'Austria', 'AUT', 40, 43);
INSERT INTO LOOKUP_COUNTRY_TYPE (ID, ISO2, COUNTRY_NAME_CAPS, COUNTRY_NAME, ISO3, COUNTRY_CODE, PHONE_CODE) VALUES(21014, 'AZ', 'AZERBAIJAN', 'Azerbaijan', 'AZE', 31, 994);
INSERT INTO LOOKUP_COUNTRY_TYPE (ID, ISO2, COUNTRY_NAME_CAPS, COUNTRY_NAME, ISO3, COUNTRY_CODE, PHONE_CODE) VALUES(21015, 'BS', 'BAHAMAS', 'Bahamas', 'BHS', 44, 1242);
INSERT INTO LOOKUP_COUNTRY_TYPE (ID, ISO2, COUNTRY_NAME_CAPS, COUNTRY_NAME, ISO3, COUNTRY_CODE, PHONE_CODE) VALUES(21016, 'BH', 'BAHRAIN', 'Bahrain', 'BHR', 48, 973);
INSERT INTO LOOKUP_COUNTRY_TYPE (ID, ISO2, COUNTRY_NAME_CAPS, COUNTRY_NAME, ISO3, COUNTRY_CODE, PHONE_CODE) VALUES(21017, 'BD', 'BANGLADESH', 'Bangladesh', 'BGD', 50, 880);
INSERT INTO LOOKUP_COUNTRY_TYPE (ID, ISO2, COUNTRY_NAME_CAPS, COUNTRY_NAME, ISO3, COUNTRY_CODE, PHONE_CODE) VALUES(21018, 'BB', 'BARBADOS', 'Barbados', 'BRB', 52, 1246);
INSERT INTO LOOKUP_COUNTRY_TYPE (ID, ISO2, COUNTRY_NAME_CAPS, COUNTRY_NAME, ISO3, COUNTRY_CODE, PHONE_CODE) VALUES(21019, 'BY', 'BELARUS', 'Belarus', 'BLR', 112, 375);
INSERT INTO LOOKUP_COUNTRY_TYPE (ID, ISO2, COUNTRY_NAME_CAPS, COUNTRY_NAME, ISO3, COUNTRY_CODE, PHONE_CODE) VALUES(21020, 'BE', 'BELGIUM', 'Belgium', 'BEL', 56, 32);
INSERT INTO LOOKUP_COUNTRY_TYPE (ID, ISO2, COUNTRY_NAME_CAPS, COUNTRY_NAME, ISO3, COUNTRY_CODE, PHONE_CODE) VALUES(21021, 'BZ', 'BELIZE', 'Belize', 'BLZ', 84, 501);
INSERT INTO LOOKUP_COUNTRY_TYPE (ID, ISO2, COUNTRY_NAME_CAPS, COUNTRY_NAME, ISO3, COUNTRY_CODE, PHONE_CODE) VALUES(21022, 'BJ', 'BENIN', 'Benin', 'BEN', 204, 229);
INSERT INTO LOOKUP_COUNTRY_TYPE (ID, ISO2, COUNTRY_NAME_CAPS, COUNTRY_NAME, ISO3, COUNTRY_CODE, PHONE_CODE) VALUES(21023, 'BM', 'BERMUDA', 'Bermuda', 'BMU', 60, 1441);
INSERT INTO LOOKUP_COUNTRY_TYPE (ID, ISO2, COUNTRY_NAME_CAPS, COUNTRY_NAME, ISO3, COUNTRY_CODE, PHONE_CODE) VALUES(21024, 'BT', 'BHUTAN', 'Bhutan', 'BTN', 64, 975);
INSERT INTO LOOKUP_COUNTRY_TYPE (ID, ISO2, COUNTRY_NAME_CAPS, COUNTRY_NAME, ISO3, COUNTRY_CODE, PHONE_CODE) VALUES(21025, 'BO', 'BOLIVIA', 'Bolivia', 'BOL', 68, 591);
INSERT INTO LOOKUP_COUNTRY_TYPE (ID, ISO2, COUNTRY_NAME_CAPS, COUNTRY_NAME, ISO3, COUNTRY_CODE, PHONE_CODE) VALUES(21026, 'BA', 'BOSNIA AND HERZEGOVINA', 'Bosnia and Herzegovina', 'BIH', 70, 387);
INSERT INTO LOOKUP_COUNTRY_TYPE (ID, ISO2, COUNTRY_NAME_CAPS, COUNTRY_NAME, ISO3, COUNTRY_CODE, PHONE_CODE) VALUES(21027, 'BW', 'BOTSWANA', 'Botswana', 'BWA', 72, 267);
INSERT INTO LOOKUP_COUNTRY_TYPE (ID, ISO2, COUNTRY_NAME_CAPS, COUNTRY_NAME, ISO3, COUNTRY_CODE, PHONE_CODE) VALUES(21028, 'BV', 'BOUVET ISLAND', 'Bouvet Island', 'BVT', NULL, 47);
INSERT INTO LOOKUP_COUNTRY_TYPE (ID, ISO2, COUNTRY_NAME_CAPS, COUNTRY_NAME, ISO3, COUNTRY_CODE, PHONE_CODE) VALUES(21029, 'BR', 'BRAZIL', 'Brazil', 'BRA', 76, 55);
INSERT INTO LOOKUP_COUNTRY_TYPE (ID, ISO2, COUNTRY_NAME_CAPS, COUNTRY_NAME, ISO3, COUNTRY_CODE, PHONE_CODE) VALUES(21030, 'IO', 'BRITISH INDIAN OCEAN TERRITORY', 'British Indian Ocean Territory', 'IOT', NULL, 246);
INSERT INTO LOOKUP_COUNTRY_TYPE (ID, ISO2, COUNTRY_NAME_CAPS, COUNTRY_NAME, ISO3, COUNTRY_CODE, PHONE_CODE) VALUES(21031, 'BN', 'BRUNEI DARUSSALAM', 'Brunei Darussalam', 'BRN', 96, 673);
INSERT INTO LOOKUP_COUNTRY_TYPE (ID, ISO2, COUNTRY_NAME_CAPS, COUNTRY_NAME, ISO3, COUNTRY_CODE, PHONE_CODE) VALUES(21032, 'BG', 'BULGARIA', 'Bulgaria', 'BGR', 100, 359);
INSERT INTO LOOKUP_COUNTRY_TYPE (ID, ISO2, COUNTRY_NAME_CAPS, COUNTRY_NAME, ISO3, COUNTRY_CODE, PHONE_CODE) VALUES(21033, 'BF', 'BURKINA FASO', 'Burkina Faso', 'BFA', 854, 226);
INSERT INTO LOOKUP_COUNTRY_TYPE (ID, ISO2, COUNTRY_NAME_CAPS, COUNTRY_NAME, ISO3, COUNTRY_CODE, PHONE_CODE) VALUES(21034, 'BI', 'BURUNDI', 'Burundi', 'BDI', 108, 257);
INSERT INTO LOOKUP_COUNTRY_TYPE (ID, ISO2, COUNTRY_NAME_CAPS, COUNTRY_NAME, ISO3, COUNTRY_CODE, PHONE_CODE) VALUES(21035, 'KH', 'CAMBODIA', 'Cambodia', 'KHM', 116, 855);
INSERT INTO LOOKUP_COUNTRY_TYPE (ID, ISO2, COUNTRY_NAME_CAPS, COUNTRY_NAME, ISO3, COUNTRY_CODE, PHONE_CODE) VALUES(21036, 'CM', 'CAMEROON', 'Cameroon', 'CMR', 120, 237);
INSERT INTO LOOKUP_COUNTRY_TYPE (ID, ISO2, COUNTRY_NAME_CAPS, COUNTRY_NAME, ISO3, COUNTRY_CODE, PHONE_CODE) VALUES(21037, 'CA', 'CANADA', 'Canada', 'CAN', 124, 1);
INSERT INTO LOOKUP_COUNTRY_TYPE (ID, ISO2, COUNTRY_NAME_CAPS, COUNTRY_NAME, ISO3, COUNTRY_CODE, PHONE_CODE) VALUES(21038, 'CV', 'CAPE VERDE', 'Cape Verde', 'CPV', 132, 238);
INSERT INTO LOOKUP_COUNTRY_TYPE (ID, ISO2, COUNTRY_NAME_CAPS, COUNTRY_NAME, ISO3, COUNTRY_CODE, PHONE_CODE) VALUES(21039, 'KY', 'CAYMAN ISLANDS', 'Cayman Islands', 'CYM', 136, 1345);
INSERT INTO LOOKUP_COUNTRY_TYPE (ID, ISO2, COUNTRY_NAME_CAPS, COUNTRY_NAME, ISO3, COUNTRY_CODE, PHONE_CODE) VALUES(21040, 'CF', 'CENTRAL AFRICAN REPUBLIC', 'Central African Republic', 'CAF', 140, 236);
INSERT INTO LOOKUP_COUNTRY_TYPE (ID, ISO2, COUNTRY_NAME_CAPS, COUNTRY_NAME, ISO3, COUNTRY_CODE, PHONE_CODE) VALUES(21041, 'TD', 'CHAD', 'Chad', 'TCD', 148, 235);
INSERT INTO LOOKUP_COUNTRY_TYPE (ID, ISO2, COUNTRY_NAME_CAPS, COUNTRY_NAME, ISO3, COUNTRY_CODE, PHONE_CODE) VALUES(21042, 'CL', 'CHILE', 'Chile', 'CHL', 152, 56);
INSERT INTO LOOKUP_COUNTRY_TYPE (ID, ISO2, COUNTRY_NAME_CAPS, COUNTRY_NAME, ISO3, COUNTRY_CODE, PHONE_CODE) VALUES(21043, 'CN', 'CHINA', 'China', 'CHN', 156, 86);
INSERT INTO LOOKUP_COUNTRY_TYPE (ID, ISO2, COUNTRY_NAME_CAPS, COUNTRY_NAME, ISO3, COUNTRY_CODE, PHONE_CODE) VALUES(21044, 'CX', 'CHRISTMAS ISLAND', 'Christmas Island', 'CXR', NULL, 61);
INSERT INTO LOOKUP_COUNTRY_TYPE (ID, ISO2, COUNTRY_NAME_CAPS, COUNTRY_NAME, ISO3, COUNTRY_CODE, PHONE_CODE) VALUES(21045, 'CC', 'COCOS (KEELING) ISLANDS', 'Cocos (Keeling) Islands', 'CCK', NULL, 672);
INSERT INTO LOOKUP_COUNTRY_TYPE (ID, ISO2, COUNTRY_NAME_CAPS, COUNTRY_NAME, ISO3, COUNTRY_CODE, PHONE_CODE) VALUES(21046, 'CO', 'COLOMBIA', 'Colombia', 'COL', 170, 57);
INSERT INTO LOOKUP_COUNTRY_TYPE (ID, ISO2, COUNTRY_NAME_CAPS, COUNTRY_NAME, ISO3, COUNTRY_CODE, PHONE_CODE) VALUES(21047, 'KM', 'COMOROS', 'Comoros', 'COM', 174, 269);
INSERT INTO LOOKUP_COUNTRY_TYPE (ID, ISO2, COUNTRY_NAME_CAPS, COUNTRY_NAME, ISO3, COUNTRY_CODE, PHONE_CODE) VALUES(21048, 'CG', 'CONGO', 'Congo', 'COG', 178, 242);
INSERT INTO LOOKUP_COUNTRY_TYPE (ID, ISO2, COUNTRY_NAME_CAPS, COUNTRY_NAME, ISO3, COUNTRY_CODE, PHONE_CODE) VALUES(21049, 'CD', 'CONGO, THE DEMOCRATIC REPUBLIC OF THE', 'Congo, the Democratic Republic of the', 'COD', 180, 243);
INSERT INTO LOOKUP_COUNTRY_TYPE (ID, ISO2, COUNTRY_NAME_CAPS, COUNTRY_NAME, ISO3, COUNTRY_CODE, PHONE_CODE) VALUES(21050, 'CK', 'COOK ISLANDS', 'Cook Islands', 'COK', 184, 682);
INSERT INTO LOOKUP_COUNTRY_TYPE (ID, ISO2, COUNTRY_NAME_CAPS, COUNTRY_NAME, ISO3, COUNTRY_CODE, PHONE_CODE) VALUES(21051, 'CR', 'COSTA RICA', 'Costa Rica', 'CRI', 188, 506);
INSERT INTO LOOKUP_COUNTRY_TYPE (ID, ISO2, COUNTRY_NAME_CAPS, COUNTRY_NAME, ISO3, COUNTRY_CODE, PHONE_CODE) VALUES(21052, 'CI', 'COTE D''IVOIRE', 'Cote D''Ivoire', 'CIV', 384, 225);
INSERT INTO LOOKUP_COUNTRY_TYPE (ID, ISO2, COUNTRY_NAME_CAPS, COUNTRY_NAME, ISO3, COUNTRY_CODE, PHONE_CODE) VALUES(21053, 'HR', 'CROATIA', 'Croatia', 'HRV', 191, 385);
INSERT INTO LOOKUP_COUNTRY_TYPE (ID, ISO2, COUNTRY_NAME_CAPS, COUNTRY_NAME, ISO3, COUNTRY_CODE, PHONE_CODE) VALUES(21054, 'CU', 'CUBA', 'Cuba', 'CUB', 192, 53);
INSERT INTO LOOKUP_COUNTRY_TYPE (ID, ISO2, COUNTRY_NAME_CAPS, COUNTRY_NAME, ISO3, COUNTRY_CODE, PHONE_CODE) VALUES(21055, 'CY', 'CYPRUS', 'Cyprus', 'CYP', 196, 357);
INSERT INTO LOOKUP_COUNTRY_TYPE (ID, ISO2, COUNTRY_NAME_CAPS, COUNTRY_NAME, ISO3, COUNTRY_CODE, PHONE_CODE) VALUES(21056, 'CZ', 'CZECH REPUBLIC', 'Czech Republic', 'CZE', 203, 420);
INSERT INTO LOOKUP_COUNTRY_TYPE (ID, ISO2, COUNTRY_NAME_CAPS, COUNTRY_NAME, ISO3, COUNTRY_CODE, PHONE_CODE) VALUES(21057, 'DK', 'DENMARK', 'Denmark', 'DNK', 208, 45);
INSERT INTO LOOKUP_COUNTRY_TYPE (ID, ISO2, COUNTRY_NAME_CAPS, COUNTRY_NAME, ISO3, COUNTRY_CODE, PHONE_CODE) VALUES(21058, 'DJ', 'DJIBOUTI', 'Djibouti', 'DJI', 262, 253);
INSERT INTO LOOKUP_COUNTRY_TYPE (ID, ISO2, COUNTRY_NAME_CAPS, COUNTRY_NAME, ISO3, COUNTRY_CODE, PHONE_CODE) VALUES(21059, 'DM', 'DOMINICA', 'Dominica', 'DMA', 212, 1767);
INSERT INTO LOOKUP_COUNTRY_TYPE (ID, ISO2, COUNTRY_NAME_CAPS, COUNTRY_NAME, ISO3, COUNTRY_CODE, PHONE_CODE) VALUES(21060, 'DO', 'DOMINICAN REPUBLIC', 'Dominican Republic', 'DOM', 214, 1809);
INSERT INTO LOOKUP_COUNTRY_TYPE (ID, ISO2, COUNTRY_NAME_CAPS, COUNTRY_NAME, ISO3, COUNTRY_CODE, PHONE_CODE) VALUES(21061, 'EC', 'ECUADOR', 'Ecuador', 'ECU', 218, 593);
INSERT INTO LOOKUP_COUNTRY_TYPE (ID, ISO2, COUNTRY_NAME_CAPS, COUNTRY_NAME, ISO3, COUNTRY_CODE, PHONE_CODE) VALUES(21062, 'EG', 'EGYPT', 'Egypt', 'EGY', 818, 20);
INSERT INTO LOOKUP_COUNTRY_TYPE (ID, ISO2, COUNTRY_NAME_CAPS, COUNTRY_NAME, ISO3, COUNTRY_CODE, PHONE_CODE) VALUES(21063, 'SV', 'EL SALVADOR', 'El Salvador', 'SLV', 222, 503);
INSERT INTO LOOKUP_COUNTRY_TYPE (ID, ISO2, COUNTRY_NAME_CAPS, COUNTRY_NAME, ISO3, COUNTRY_CODE, PHONE_CODE) VALUES(21064, 'GQ', 'EQUATORIAL GUINEA', 'Equatorial Guinea', 'GNQ', 226, 240);
INSERT INTO LOOKUP_COUNTRY_TYPE (ID, ISO2, COUNTRY_NAME_CAPS, COUNTRY_NAME, ISO3, COUNTRY_CODE, PHONE_CODE) VALUES(21065, 'ER', 'ERITREA', 'Eritrea', 'ERI', 232, 291);
INSERT INTO LOOKUP_COUNTRY_TYPE (ID, ISO2, COUNTRY_NAME_CAPS, COUNTRY_NAME, ISO3, COUNTRY_CODE, PHONE_CODE) VALUES(21066, 'EE', 'ESTONIA', 'Estonia', 'EST', 233, 372);
INSERT INTO LOOKUP_COUNTRY_TYPE (ID, ISO2, COUNTRY_NAME_CAPS, COUNTRY_NAME, ISO3, COUNTRY_CODE, PHONE_CODE) VALUES(21067, 'ET', 'ETHIOPIA', 'Ethiopia', 'ETH', 231, 251);
INSERT INTO LOOKUP_COUNTRY_TYPE (ID, ISO2, COUNTRY_NAME_CAPS, COUNTRY_NAME, ISO3, COUNTRY_CODE, PHONE_CODE) VALUES(21068, 'FK', 'FALKLAND ISLANDS (MALVINAS)', 'Falkland Islands (Malvinas)', 'FLK', 238, 500);
INSERT INTO LOOKUP_COUNTRY_TYPE (ID, ISO2, COUNTRY_NAME_CAPS, COUNTRY_NAME, ISO3, COUNTRY_CODE, PHONE_CODE) VALUES(21069, 'FO', 'FAROE ISLANDS', 'Faroe Islands', 'FRO', 234, 298);
INSERT INTO LOOKUP_COUNTRY_TYPE (ID, ISO2, COUNTRY_NAME_CAPS, COUNTRY_NAME, ISO3, COUNTRY_CODE, PHONE_CODE) VALUES(21070, 'FJ', 'FIJI', 'Fiji', 'FJI', 242, 679);
INSERT INTO LOOKUP_COUNTRY_TYPE (ID, ISO2, COUNTRY_NAME_CAPS, COUNTRY_NAME, ISO3, COUNTRY_CODE, PHONE_CODE) VALUES(21071, 'FI', 'FINLAND', 'Finland', 'FIN', 246, 358);
INSERT INTO LOOKUP_COUNTRY_TYPE (ID, ISO2, COUNTRY_NAME_CAPS, COUNTRY_NAME, ISO3, COUNTRY_CODE, PHONE_CODE) VALUES(21072, 'FR', 'FRANCE', 'France', 'FRA', 250, 33);
INSERT INTO LOOKUP_COUNTRY_TYPE (ID, ISO2, COUNTRY_NAME_CAPS, COUNTRY_NAME, ISO3, COUNTRY_CODE, PHONE_CODE) VALUES(21073, 'GF', 'FRENCH GUIANA', 'French Guiana', 'GUF', 254, 594);
INSERT INTO LOOKUP_COUNTRY_TYPE (ID, ISO2, COUNTRY_NAME_CAPS, COUNTRY_NAME, ISO3, COUNTRY_CODE, PHONE_CODE) VALUES(21074, 'PF', 'FRENCH POLYNESIA', 'French Polynesia', 'PYF', 258, 689);
INSERT INTO LOOKUP_COUNTRY_TYPE (ID, ISO2, COUNTRY_NAME_CAPS, COUNTRY_NAME, ISO3, COUNTRY_CODE, PHONE_CODE) VALUES(21075, 'TF', 'FRENCH SOUTHERN TERRITORIES', 'French Southern Territories', 'ATF', NULL, 262);
INSERT INTO LOOKUP_COUNTRY_TYPE (ID, ISO2, COUNTRY_NAME_CAPS, COUNTRY_NAME, ISO3, COUNTRY_CODE, PHONE_CODE) VALUES(21076, 'GA', 'GABON', 'Gabon', 'GAB', 266, 241);
INSERT INTO LOOKUP_COUNTRY_TYPE (ID, ISO2, COUNTRY_NAME_CAPS, COUNTRY_NAME, ISO3, COUNTRY_CODE, PHONE_CODE) VALUES(21077, 'GM', 'GAMBIA', 'Gambia', 'GMB', 270, 220);
INSERT INTO LOOKUP_COUNTRY_TYPE (ID, ISO2, COUNTRY_NAME_CAPS, COUNTRY_NAME, ISO3, COUNTRY_CODE, PHONE_CODE) VALUES(21078, 'GE', 'GEORGIA', 'Georgia', 'GEO', 268, 995);
INSERT INTO LOOKUP_COUNTRY_TYPE (ID, ISO2, COUNTRY_NAME_CAPS, COUNTRY_NAME, ISO3, COUNTRY_CODE, PHONE_CODE) VALUES(21079, 'DE', 'GERMANY', 'Germany', 'DEU', 276, 49);
INSERT INTO LOOKUP_COUNTRY_TYPE (ID, ISO2, COUNTRY_NAME_CAPS, COUNTRY_NAME, ISO3, COUNTRY_CODE, PHONE_CODE) VALUES(21080, 'GH', 'GHANA', 'Ghana', 'GHA', 288, 233);
INSERT INTO LOOKUP_COUNTRY_TYPE (ID, ISO2, COUNTRY_NAME_CAPS, COUNTRY_NAME, ISO3, COUNTRY_CODE, PHONE_CODE) VALUES(21081, 'GI', 'GIBRALTAR', 'Gibraltar', 'GIB', 292, 350);
INSERT INTO LOOKUP_COUNTRY_TYPE (ID, ISO2, COUNTRY_NAME_CAPS, COUNTRY_NAME, ISO3, COUNTRY_CODE, PHONE_CODE) VALUES(21082, 'GR', 'GREECE', 'Greece', 'GRC', 300, 30);
INSERT INTO LOOKUP_COUNTRY_TYPE (ID, ISO2, COUNTRY_NAME_CAPS, COUNTRY_NAME, ISO3, COUNTRY_CODE, PHONE_CODE) VALUES(21083, 'GL', 'GREENLAND', 'Greenland', 'GRL', 304, 299);
INSERT INTO LOOKUP_COUNTRY_TYPE (ID, ISO2, COUNTRY_NAME_CAPS, COUNTRY_NAME, ISO3, COUNTRY_CODE, PHONE_CODE) VALUES(21084, 'GD', 'GRENADA', 'Grenada', 'GRD', 308, 1473);
INSERT INTO LOOKUP_COUNTRY_TYPE (ID, ISO2, COUNTRY_NAME_CAPS, COUNTRY_NAME, ISO3, COUNTRY_CODE, PHONE_CODE) VALUES(21085, 'GP', 'GUADELOUPE', 'Guadeloupe', 'GLP', 312, 590);
INSERT INTO LOOKUP_COUNTRY_TYPE (ID, ISO2, COUNTRY_NAME_CAPS, COUNTRY_NAME, ISO3, COUNTRY_CODE, PHONE_CODE) VALUES(21086, 'GU', 'GUAM', 'Guam', 'GUM', 316, 1671);
INSERT INTO LOOKUP_COUNTRY_TYPE (ID, ISO2, COUNTRY_NAME_CAPS, COUNTRY_NAME, ISO3, COUNTRY_CODE, PHONE_CODE) VALUES(21087, 'GT', 'GUATEMALA', 'Guatemala', 'GTM', 320, 502);
INSERT INTO LOOKUP_COUNTRY_TYPE (ID, ISO2, COUNTRY_NAME_CAPS, COUNTRY_NAME, ISO3, COUNTRY_CODE, PHONE_CODE) VALUES(21088, 'GN', 'GUINEA', 'Guinea', 'GIN', 324, 224);
INSERT INTO LOOKUP_COUNTRY_TYPE (ID, ISO2, COUNTRY_NAME_CAPS, COUNTRY_NAME, ISO3, COUNTRY_CODE, PHONE_CODE) VALUES(21089, 'GW', 'GUINEA-BISSAU', 'Guinea-Bissau', 'GNB', 624, 245);
INSERT INTO LOOKUP_COUNTRY_TYPE (ID, ISO2, COUNTRY_NAME_CAPS, COUNTRY_NAME, ISO3, COUNTRY_CODE, PHONE_CODE) VALUES(21090, 'GY', 'GUYANA', 'Guyana', 'GUY', 328, 592);
INSERT INTO LOOKUP_COUNTRY_TYPE (ID, ISO2, COUNTRY_NAME_CAPS, COUNTRY_NAME, ISO3, COUNTRY_CODE, PHONE_CODE) VALUES(21091, 'HT', 'HAITI', 'Haiti', 'HTI', 332, 509);
INSERT INTO LOOKUP_COUNTRY_TYPE (ID, ISO2, COUNTRY_NAME_CAPS, COUNTRY_NAME, ISO3, COUNTRY_CODE, PHONE_CODE) VALUES(21092, 'HM', 'HEARD ISLAND AND MCDONALD ISLANDS', 'Heard Island and Mcdonald Islands', 'HMD', NULL, 0);
INSERT INTO LOOKUP_COUNTRY_TYPE (ID, ISO2, COUNTRY_NAME_CAPS, COUNTRY_NAME, ISO3, COUNTRY_CODE, PHONE_CODE) VALUES(21093, 'VA', 'HOLY SEE (VATICAN CITY STATE)', 'Holy See (Vatican City State)', 'VAT', 336, 39);
INSERT INTO LOOKUP_COUNTRY_TYPE (ID, ISO2, COUNTRY_NAME_CAPS, COUNTRY_NAME, ISO3, COUNTRY_CODE, PHONE_CODE) VALUES(21094, 'HN', 'HONDURAS', 'Honduras', 'HND', 340, 504);
INSERT INTO LOOKUP_COUNTRY_TYPE (ID, ISO2, COUNTRY_NAME_CAPS, COUNTRY_NAME, ISO3, COUNTRY_CODE, PHONE_CODE) VALUES(21095, 'HK', 'HONG KONG', 'Hong Kong', 'HKG', 344, 852);
INSERT INTO LOOKUP_COUNTRY_TYPE (ID, ISO2, COUNTRY_NAME_CAPS, COUNTRY_NAME, ISO3, COUNTRY_CODE, PHONE_CODE) VALUES(21096, 'HU', 'HUNGARY', 'Hungary', 'HUN', 348, 36);
INSERT INTO LOOKUP_COUNTRY_TYPE (ID, ISO2, COUNTRY_NAME_CAPS, COUNTRY_NAME, ISO3, COUNTRY_CODE, PHONE_CODE) VALUES(21097, 'IS', 'ICELAND', 'Iceland', 'ISL', 352, 354);
INSERT INTO LOOKUP_COUNTRY_TYPE (ID, ISO2, COUNTRY_NAME_CAPS, COUNTRY_NAME, ISO3, COUNTRY_CODE, PHONE_CODE) VALUES(21098, 'IN', 'INDIA', 'India', 'IND', 356, 91);
INSERT INTO LOOKUP_COUNTRY_TYPE (ID, ISO2, COUNTRY_NAME_CAPS, COUNTRY_NAME, ISO3, COUNTRY_CODE, PHONE_CODE) VALUES(21099, 'ID', 'INDONESIA', 'Indonesia', 'IDN', 360, 62);
INSERT INTO LOOKUP_COUNTRY_TYPE (ID, ISO2, COUNTRY_NAME_CAPS, COUNTRY_NAME, ISO3, COUNTRY_CODE, PHONE_CODE) VALUES(21100, 'IR', 'IRAN, ISLAMIC REPUBLIC OF', 'Iran, Islamic Republic of', 'IRN', 364, 98);
INSERT INTO LOOKUP_COUNTRY_TYPE (ID, ISO2, COUNTRY_NAME_CAPS, COUNTRY_NAME, ISO3, COUNTRY_CODE, PHONE_CODE) VALUES(21101, 'IQ', 'IRAQ', 'Iraq', 'IRQ', 368, 964);
INSERT INTO LOOKUP_COUNTRY_TYPE (ID, ISO2, COUNTRY_NAME_CAPS, COUNTRY_NAME, ISO3, COUNTRY_CODE, PHONE_CODE) VALUES(21102, 'IE', 'IRELAND', 'Ireland', 'IRL', 372, 353);
INSERT INTO LOOKUP_COUNTRY_TYPE (ID, ISO2, COUNTRY_NAME_CAPS, COUNTRY_NAME, ISO3, COUNTRY_CODE, PHONE_CODE) VALUES(21103, 'IL', 'ISRAEL', 'Israel', 'ISR', 376, 972);
INSERT INTO LOOKUP_COUNTRY_TYPE (ID, ISO2, COUNTRY_NAME_CAPS, COUNTRY_NAME, ISO3, COUNTRY_CODE, PHONE_CODE) VALUES(21104, 'IT', 'ITALY', 'Italy', 'ITA', 380, 39);
INSERT INTO LOOKUP_COUNTRY_TYPE (ID, ISO2, COUNTRY_NAME_CAPS, COUNTRY_NAME, ISO3, COUNTRY_CODE, PHONE_CODE) VALUES(21105, 'JM', 'JAMAICA', 'Jamaica', 'JAM', 388, 1876);
INSERT INTO LOOKUP_COUNTRY_TYPE (ID, ISO2, COUNTRY_NAME_CAPS, COUNTRY_NAME, ISO3, COUNTRY_CODE, PHONE_CODE) VALUES(21106, 'JP', 'JAPAN', 'Japan', 'JPN', 392, 81);
INSERT INTO LOOKUP_COUNTRY_TYPE (ID, ISO2, COUNTRY_NAME_CAPS, COUNTRY_NAME, ISO3, COUNTRY_CODE, PHONE_CODE) VALUES(21107, 'JO', 'JORDAN', 'Jordan', 'JOR', 400, 962);
INSERT INTO LOOKUP_COUNTRY_TYPE (ID, ISO2, COUNTRY_NAME_CAPS, COUNTRY_NAME, ISO3, COUNTRY_CODE, PHONE_CODE) VALUES(21108, 'KZ', 'KAZAKHSTAN', 'Kazakhstan', 'KAZ', 398, 7);
INSERT INTO LOOKUP_COUNTRY_TYPE (ID, ISO2, COUNTRY_NAME_CAPS, COUNTRY_NAME, ISO3, COUNTRY_CODE, PHONE_CODE) VALUES(21109, 'KE', 'KENYA', 'Kenya', 'KEN', 404, 254);
INSERT INTO LOOKUP_COUNTRY_TYPE (ID, ISO2, COUNTRY_NAME_CAPS, COUNTRY_NAME, ISO3, COUNTRY_CODE, PHONE_CODE) VALUES(21110, 'KI', 'KIRIBATI', 'Kiribati', 'KIR', 296, 686);
INSERT INTO LOOKUP_COUNTRY_TYPE (ID, ISO2, COUNTRY_NAME_CAPS, COUNTRY_NAME, ISO3, COUNTRY_CODE, PHONE_CODE) VALUES(21111, 'KP', 'KOREA, DEMOCRATIC PEOPLE''S REPUBLIC OF', 'Korea, Democratic People''s Republic of', 'PRK', 408, 850);
INSERT INTO LOOKUP_COUNTRY_TYPE (ID, ISO2, COUNTRY_NAME_CAPS, COUNTRY_NAME, ISO3, COUNTRY_CODE, PHONE_CODE) VALUES(21112, 'KR', 'KOREA, REPUBLIC OF', 'Korea, Republic of', 'KOR', 410, 82);
INSERT INTO LOOKUP_COUNTRY_TYPE (ID, ISO2, COUNTRY_NAME_CAPS, COUNTRY_NAME, ISO3, COUNTRY_CODE, PHONE_CODE) VALUES(21113, 'KW', 'KUWAIT', 'Kuwait', 'KWT', 414, 965);
INSERT INTO LOOKUP_COUNTRY_TYPE (ID, ISO2, COUNTRY_NAME_CAPS, COUNTRY_NAME, ISO3, COUNTRY_CODE, PHONE_CODE) VALUES(21114, 'KG', 'KYRGYZSTAN', 'Kyrgyzstan', 'KGZ', 417, 996);
INSERT INTO LOOKUP_COUNTRY_TYPE (ID, ISO2, COUNTRY_NAME_CAPS, COUNTRY_NAME, ISO3, COUNTRY_CODE, PHONE_CODE) VALUES(21115, 'LA', 'LAO PEOPLE''S DEMOCRATIC REPUBLIC', 'Lao People''s Democratic Republic', 'LAO', 418, 856);
INSERT INTO LOOKUP_COUNTRY_TYPE (ID, ISO2, COUNTRY_NAME_CAPS, COUNTRY_NAME, ISO3, COUNTRY_CODE, PHONE_CODE) VALUES(21116, 'LV', 'LATVIA', 'Latvia', 'LVA', 428, 371);
INSERT INTO LOOKUP_COUNTRY_TYPE (ID, ISO2, COUNTRY_NAME_CAPS, COUNTRY_NAME, ISO3, COUNTRY_CODE, PHONE_CODE) VALUES(21117, 'LB', 'LEBANON', 'Lebanon', 'LBN', 422, 961);
INSERT INTO LOOKUP_COUNTRY_TYPE (ID, ISO2, COUNTRY_NAME_CAPS, COUNTRY_NAME, ISO3, COUNTRY_CODE, PHONE_CODE) VALUES(21118, 'LS', 'LESOTHO', 'Lesotho', 'LSO', 426, 266);
INSERT INTO LOOKUP_COUNTRY_TYPE (ID, ISO2, COUNTRY_NAME_CAPS, COUNTRY_NAME, ISO3, COUNTRY_CODE, PHONE_CODE) VALUES(21119, 'LR', 'LIBERIA', 'Liberia', 'LBR', 430, 231);
INSERT INTO LOOKUP_COUNTRY_TYPE (ID, ISO2, COUNTRY_NAME_CAPS, COUNTRY_NAME, ISO3, COUNTRY_CODE, PHONE_CODE) VALUES(21120, 'LY', 'LIBYAN ARAB JAMAHIRIYA', 'Libyan Arab Jamahiriya', 'LBY', 434, 218);
INSERT INTO LOOKUP_COUNTRY_TYPE (ID, ISO2, COUNTRY_NAME_CAPS, COUNTRY_NAME, ISO3, COUNTRY_CODE, PHONE_CODE) VALUES(21121, 'LI', 'LIECHTENSTEIN', 'Liechtenstein', 'LIE', 438, 423);
INSERT INTO LOOKUP_COUNTRY_TYPE (ID, ISO2, COUNTRY_NAME_CAPS, COUNTRY_NAME, ISO3, COUNTRY_CODE, PHONE_CODE) VALUES(21122, 'LT', 'LITHUANIA', 'Lithuania', 'LTU', 440, 370);
INSERT INTO LOOKUP_COUNTRY_TYPE (ID, ISO2, COUNTRY_NAME_CAPS, COUNTRY_NAME, ISO3, COUNTRY_CODE, PHONE_CODE) VALUES(21123, 'LU', 'LUXEMBOURG', 'Luxembourg', 'LUX', 442, 352);
INSERT INTO LOOKUP_COUNTRY_TYPE (ID, ISO2, COUNTRY_NAME_CAPS, COUNTRY_NAME, ISO3, COUNTRY_CODE, PHONE_CODE) VALUES(21124, 'MO', 'MACAO', 'Macao', 'MAC', 446, 853);
INSERT INTO LOOKUP_COUNTRY_TYPE (ID, ISO2, COUNTRY_NAME_CAPS, COUNTRY_NAME, ISO3, COUNTRY_CODE, PHONE_CODE) VALUES(21125, 'MK', 'MACEDONIA, THE FORMER YUGOSLAV REPUBLIC OF', 'Macedonia, the Former Yugoslav Republic of', 'MKD', 807, 389);
INSERT INTO LOOKUP_COUNTRY_TYPE (ID, ISO2, COUNTRY_NAME_CAPS, COUNTRY_NAME, ISO3, COUNTRY_CODE, PHONE_CODE) VALUES(21126, 'MG', 'MADAGASCAR', 'Madagascar', 'MDG', 450, 261);
INSERT INTO LOOKUP_COUNTRY_TYPE (ID, ISO2, COUNTRY_NAME_CAPS, COUNTRY_NAME, ISO3, COUNTRY_CODE, PHONE_CODE) VALUES(21127, 'MW', 'MALAWI', 'Malawi', 'MWI', 454, 265);
INSERT INTO LOOKUP_COUNTRY_TYPE (ID, ISO2, COUNTRY_NAME_CAPS, COUNTRY_NAME, ISO3, COUNTRY_CODE, PHONE_CODE) VALUES(21128, 'MY', 'MALAYSIA', 'Malaysia', 'MYS', 458, 60);
INSERT INTO LOOKUP_COUNTRY_TYPE (ID, ISO2, COUNTRY_NAME_CAPS, COUNTRY_NAME, ISO3, COUNTRY_CODE, PHONE_CODE) VALUES(21129, 'MV', 'MALDIVES', 'Maldives', 'MDV', 462, 960);
INSERT INTO LOOKUP_COUNTRY_TYPE (ID, ISO2, COUNTRY_NAME_CAPS, COUNTRY_NAME, ISO3, COUNTRY_CODE, PHONE_CODE) VALUES(21130, 'ML', 'MALI', 'Mali', 'MLI', 466, 223);
INSERT INTO LOOKUP_COUNTRY_TYPE (ID, ISO2, COUNTRY_NAME_CAPS, COUNTRY_NAME, ISO3, COUNTRY_CODE, PHONE_CODE) VALUES(21131, 'MT', 'MALTA', 'Malta', 'MLT', 470, 356);
INSERT INTO LOOKUP_COUNTRY_TYPE (ID, ISO2, COUNTRY_NAME_CAPS, COUNTRY_NAME, ISO3, COUNTRY_CODE, PHONE_CODE) VALUES(21132, 'MH', 'MARSHALL ISLANDS', 'Marshall Islands', 'MHL', 584, 692);
INSERT INTO LOOKUP_COUNTRY_TYPE (ID, ISO2, COUNTRY_NAME_CAPS, COUNTRY_NAME, ISO3, COUNTRY_CODE, PHONE_CODE) VALUES(21133, 'MQ', 'MARTINIQUE', 'Martinique', 'MTQ', 474, 596);
INSERT INTO LOOKUP_COUNTRY_TYPE (ID, ISO2, COUNTRY_NAME_CAPS, COUNTRY_NAME, ISO3, COUNTRY_CODE, PHONE_CODE) VALUES(21134, 'MR', 'MAURITANIA', 'Mauritania', 'MRT', 478, 222);
INSERT INTO LOOKUP_COUNTRY_TYPE (ID, ISO2, COUNTRY_NAME_CAPS, COUNTRY_NAME, ISO3, COUNTRY_CODE, PHONE_CODE) VALUES(21135, 'MU', 'MAURITIUS', 'Mauritius', 'MUS', 480, 230);
INSERT INTO LOOKUP_COUNTRY_TYPE (ID, ISO2, COUNTRY_NAME_CAPS, COUNTRY_NAME, ISO3, COUNTRY_CODE, PHONE_CODE) VALUES(21136, 'YT', 'MAYOTTE', 'Mayotte', 'MYT', NULL, 269);
INSERT INTO LOOKUP_COUNTRY_TYPE (ID, ISO2, COUNTRY_NAME_CAPS, COUNTRY_NAME, ISO3, COUNTRY_CODE, PHONE_CODE) VALUES(21137, 'MX', 'MEXICO', 'Mexico', 'MEX', 484, 52);
INSERT INTO LOOKUP_COUNTRY_TYPE (ID, ISO2, COUNTRY_NAME_CAPS, COUNTRY_NAME, ISO3, COUNTRY_CODE, PHONE_CODE) VALUES(21138, 'FM', 'MICRONESIA, FEDERATED STATES OF', 'Micronesia, Federated States of', 'FSM', 583, 691);
INSERT INTO LOOKUP_COUNTRY_TYPE (ID, ISO2, COUNTRY_NAME_CAPS, COUNTRY_NAME, ISO3, COUNTRY_CODE, PHONE_CODE) VALUES(21139, 'MD', 'MOLDOVA, REPUBLIC OF', 'Moldova, Republic of', 'MDA', 498, 373);
INSERT INTO LOOKUP_COUNTRY_TYPE (ID, ISO2, COUNTRY_NAME_CAPS, COUNTRY_NAME, ISO3, COUNTRY_CODE, PHONE_CODE) VALUES(21140, 'MC', 'MONACO', 'Monaco', 'MCO', 492, 377);
INSERT INTO LOOKUP_COUNTRY_TYPE (ID, ISO2, COUNTRY_NAME_CAPS, COUNTRY_NAME, ISO3, COUNTRY_CODE, PHONE_CODE) VALUES(21141, 'MN', 'MONGOLIA', 'Mongolia', 'MNG', 496, 976);
INSERT INTO LOOKUP_COUNTRY_TYPE (ID, ISO2, COUNTRY_NAME_CAPS, COUNTRY_NAME, ISO3, COUNTRY_CODE, PHONE_CODE) VALUES(21142, 'MS', 'MONTSERRAT', 'Montserrat', 'MSR', 500, 1664);
INSERT INTO LOOKUP_COUNTRY_TYPE (ID, ISO2, COUNTRY_NAME_CAPS, COUNTRY_NAME, ISO3, COUNTRY_CODE, PHONE_CODE) VALUES(21143, 'MA', 'MOROCCO', 'Morocco', 'MAR', 504, 212);
INSERT INTO LOOKUP_COUNTRY_TYPE (ID, ISO2, COUNTRY_NAME_CAPS, COUNTRY_NAME, ISO3, COUNTRY_CODE, PHONE_CODE) VALUES(21144, 'MZ', 'MOZAMBIQUE', 'Mozambique', 'MOZ', 508, 258);
INSERT INTO LOOKUP_COUNTRY_TYPE (ID, ISO2, COUNTRY_NAME_CAPS, COUNTRY_NAME, ISO3, COUNTRY_CODE, PHONE_CODE) VALUES(21145, 'MM', 'MYANMAR', 'Myanmar', 'MMR', 104, 95);
INSERT INTO LOOKUP_COUNTRY_TYPE (ID, ISO2, COUNTRY_NAME_CAPS, COUNTRY_NAME, ISO3, COUNTRY_CODE, PHONE_CODE) VALUES(21146, 'NA', 'NAMIBIA', 'Namibia', 'NAM', 516, 264);
INSERT INTO LOOKUP_COUNTRY_TYPE (ID, ISO2, COUNTRY_NAME_CAPS, COUNTRY_NAME, ISO3, COUNTRY_CODE, PHONE_CODE) VALUES(21147, 'NR', 'NAURU', 'Nauru', 'NRU', 520, 674);
INSERT INTO LOOKUP_COUNTRY_TYPE (ID, ISO2, COUNTRY_NAME_CAPS, COUNTRY_NAME, ISO3, COUNTRY_CODE, PHONE_CODE) VALUES(21148, 'NP', 'NEPAL', 'Nepal', 'NPL', 524, 977);
INSERT INTO LOOKUP_COUNTRY_TYPE (ID, ISO2, COUNTRY_NAME_CAPS, COUNTRY_NAME, ISO3, COUNTRY_CODE, PHONE_CODE) VALUES(21149, 'NL', 'NETHERLANDS', 'Netherlands', 'NLD', 528, 31);
INSERT INTO LOOKUP_COUNTRY_TYPE (ID, ISO2, COUNTRY_NAME_CAPS, COUNTRY_NAME, ISO3, COUNTRY_CODE, PHONE_CODE) VALUES(21150, 'AN', 'NETHERLANDS ANTILLES', 'Netherlands Antilles', 'ANT', 530, 599);
INSERT INTO LOOKUP_COUNTRY_TYPE (ID, ISO2, COUNTRY_NAME_CAPS, COUNTRY_NAME, ISO3, COUNTRY_CODE, PHONE_CODE) VALUES(21151, 'NC', 'NEW CALEDONIA', 'New Caledonia', 'NCL', 540, 687);
INSERT INTO LOOKUP_COUNTRY_TYPE (ID, ISO2, COUNTRY_NAME_CAPS, COUNTRY_NAME, ISO3, COUNTRY_CODE, PHONE_CODE) VALUES(21152, 'NZ', 'NEW ZEALAND', 'New Zealand', 'NZL', 554, 64);
INSERT INTO LOOKUP_COUNTRY_TYPE (ID, ISO2, COUNTRY_NAME_CAPS, COUNTRY_NAME, ISO3, COUNTRY_CODE, PHONE_CODE) VALUES(21153, 'NI', 'NICARAGUA', 'Nicaragua', 'NIC', 558, 505);
INSERT INTO LOOKUP_COUNTRY_TYPE (ID, ISO2, COUNTRY_NAME_CAPS, COUNTRY_NAME, ISO3, COUNTRY_CODE, PHONE_CODE) VALUES(21154, 'NE', 'NIGER', 'Niger', 'NER', 562, 227);
INSERT INTO LOOKUP_COUNTRY_TYPE (ID, ISO2, COUNTRY_NAME_CAPS, COUNTRY_NAME, ISO3, COUNTRY_CODE, PHONE_CODE) VALUES(21155, 'NG', 'NIGERIA', 'Nigeria', 'NGA', 566, 234);
INSERT INTO LOOKUP_COUNTRY_TYPE (ID, ISO2, COUNTRY_NAME_CAPS, COUNTRY_NAME, ISO3, COUNTRY_CODE, PHONE_CODE) VALUES(21156, 'NU', 'NIUE', 'Niue', 'NIU', 570, 683);
INSERT INTO LOOKUP_COUNTRY_TYPE (ID, ISO2, COUNTRY_NAME_CAPS, COUNTRY_NAME, ISO3, COUNTRY_CODE, PHONE_CODE) VALUES(21157, 'NF', 'NORFOLK ISLAND', 'Norfolk Island', 'NFK', 574, 672);
INSERT INTO LOOKUP_COUNTRY_TYPE (ID, ISO2, COUNTRY_NAME_CAPS, COUNTRY_NAME, ISO3, COUNTRY_CODE, PHONE_CODE) VALUES(21158, 'MP', 'NORTHERN MARIANA ISLANDS', 'Northern Mariana Islands', 'MNP', 580, 1670);
INSERT INTO LOOKUP_COUNTRY_TYPE (ID, ISO2, COUNTRY_NAME_CAPS, COUNTRY_NAME, ISO3, COUNTRY_CODE, PHONE_CODE) VALUES(21159, 'NO', 'NORWAY', 'Norway', 'NOR', 578, 47);
INSERT INTO LOOKUP_COUNTRY_TYPE (ID, ISO2, COUNTRY_NAME_CAPS, COUNTRY_NAME, ISO3, COUNTRY_CODE, PHONE_CODE) VALUES(21160, 'OM', 'OMAN', 'Oman', 'OMN', 512, 968);
INSERT INTO LOOKUP_COUNTRY_TYPE (ID, ISO2, COUNTRY_NAME_CAPS, COUNTRY_NAME, ISO3, COUNTRY_CODE, PHONE_CODE) VALUES(21161, 'PK', 'PAKISTAN', 'Pakistan', 'PAK', 586, 92);
INSERT INTO LOOKUP_COUNTRY_TYPE (ID, ISO2, COUNTRY_NAME_CAPS, COUNTRY_NAME, ISO3, COUNTRY_CODE, PHONE_CODE) VALUES(21162, 'PW', 'PALAU', 'Palau', 'PLW', 585, 680);
INSERT INTO LOOKUP_COUNTRY_TYPE (ID, ISO2, COUNTRY_NAME_CAPS, COUNTRY_NAME, ISO3, COUNTRY_CODE, PHONE_CODE) VALUES(21163, 'PS', 'PALESTINIAN TERRITORY, OCCUPIED', 'Palestinian Territory, Occupied', 'PSE', NULL, 970);
INSERT INTO LOOKUP_COUNTRY_TYPE (ID, ISO2, COUNTRY_NAME_CAPS, COUNTRY_NAME, ISO3, COUNTRY_CODE, PHONE_CODE) VALUES(21164, 'PA', 'PANAMA', 'Panama', 'PAN', 591, 507);
INSERT INTO LOOKUP_COUNTRY_TYPE (ID, ISO2, COUNTRY_NAME_CAPS, COUNTRY_NAME, ISO3, COUNTRY_CODE, PHONE_CODE) VALUES(21165, 'PG', 'PAPUA NEW GUINEA', 'Papua New Guinea', 'PNG', 598, 675);
INSERT INTO LOOKUP_COUNTRY_TYPE (ID, ISO2, COUNTRY_NAME_CAPS, COUNTRY_NAME, ISO3, COUNTRY_CODE, PHONE_CODE) VALUES(21166, 'PY', 'PARAGUAY', 'Paraguay', 'PRY', 600, 595);
INSERT INTO LOOKUP_COUNTRY_TYPE (ID, ISO2, COUNTRY_NAME_CAPS, COUNTRY_NAME, ISO3, COUNTRY_CODE, PHONE_CODE) VALUES(21167, 'PE', 'PERU', 'Peru', 'PER', 604, 51);
INSERT INTO LOOKUP_COUNTRY_TYPE (ID, ISO2, COUNTRY_NAME_CAPS, COUNTRY_NAME, ISO3, COUNTRY_CODE, PHONE_CODE) VALUES(21168, 'PH', 'PHILIPPINES', 'Philippines', 'PHL', 608, 63);
INSERT INTO LOOKUP_COUNTRY_TYPE (ID, ISO2, COUNTRY_NAME_CAPS, COUNTRY_NAME, ISO3, COUNTRY_CODE, PHONE_CODE) VALUES(21169, 'PN', 'PITCAIRN', 'Pitcairn', 'PCN', 612, 64);
INSERT INTO LOOKUP_COUNTRY_TYPE (ID, ISO2, COUNTRY_NAME_CAPS, COUNTRY_NAME, ISO3, COUNTRY_CODE, PHONE_CODE) VALUES(21170, 'PL', 'POLAND', 'Poland', 'POL', 616, 48);
INSERT INTO LOOKUP_COUNTRY_TYPE (ID, ISO2, COUNTRY_NAME_CAPS, COUNTRY_NAME, ISO3, COUNTRY_CODE, PHONE_CODE) VALUES(21171, 'PT', 'PORTUGAL', 'Portugal', 'PRT', 620, 351);
INSERT INTO LOOKUP_COUNTRY_TYPE (ID, ISO2, COUNTRY_NAME_CAPS, COUNTRY_NAME, ISO3, COUNTRY_CODE, PHONE_CODE) VALUES(21172, 'PR', 'PUERTO RICO', 'Puerto Rico', 'PRI', 630, 1787);
INSERT INTO LOOKUP_COUNTRY_TYPE (ID, ISO2, COUNTRY_NAME_CAPS, COUNTRY_NAME, ISO3, COUNTRY_CODE, PHONE_CODE) VALUES(21173, 'QA', 'QATAR', 'Qatar', 'QAT', 634, 974);
INSERT INTO LOOKUP_COUNTRY_TYPE (ID, ISO2, COUNTRY_NAME_CAPS, COUNTRY_NAME, ISO3, COUNTRY_CODE, PHONE_CODE) VALUES(21174, 'RE', 'REUNION', 'Reunion', 'REU', 638, 262);
INSERT INTO LOOKUP_COUNTRY_TYPE (ID, ISO2, COUNTRY_NAME_CAPS, COUNTRY_NAME, ISO3, COUNTRY_CODE, PHONE_CODE) VALUES(21175, 'RO', 'ROMANIA', 'Romania', 'ROU', 642, 40);
INSERT INTO LOOKUP_COUNTRY_TYPE (ID, ISO2, COUNTRY_NAME_CAPS, COUNTRY_NAME, ISO3, COUNTRY_CODE, PHONE_CODE) VALUES(21176, 'RU', 'RUSSIAN FEDERATION', 'Russian Federation', 'RUS', 643, 7);
INSERT INTO LOOKUP_COUNTRY_TYPE (ID, ISO2, COUNTRY_NAME_CAPS, COUNTRY_NAME, ISO3, COUNTRY_CODE, PHONE_CODE) VALUES(21177, 'RW', 'RWANDA', 'Rwanda', 'RWA', 646, 250);
INSERT INTO LOOKUP_COUNTRY_TYPE (ID, ISO2, COUNTRY_NAME_CAPS, COUNTRY_NAME, ISO3, COUNTRY_CODE, PHONE_CODE) VALUES(21178, 'SH', 'SAINT HELENA', 'Saint Helena', 'SHN', 654, 290);
INSERT INTO LOOKUP_COUNTRY_TYPE (ID, ISO2, COUNTRY_NAME_CAPS, COUNTRY_NAME, ISO3, COUNTRY_CODE, PHONE_CODE) VALUES(21179, 'KN', 'SAINT KITTS AND NEVIS', 'Saint Kitts and Nevis', 'KNA', 659, 1869);
INSERT INTO LOOKUP_COUNTRY_TYPE (ID, ISO2, COUNTRY_NAME_CAPS, COUNTRY_NAME, ISO3, COUNTRY_CODE, PHONE_CODE) VALUES(21180, 'LC', 'SAINT LUCIA', 'Saint Lucia', 'LCA', 662, 1758);
INSERT INTO LOOKUP_COUNTRY_TYPE (ID, ISO2, COUNTRY_NAME_CAPS, COUNTRY_NAME, ISO3, COUNTRY_CODE, PHONE_CODE) VALUES(21181, 'PM', 'SAINT PIERRE AND MIQUELON', 'Saint Pierre and Miquelon', 'SPM', 666, 508);
INSERT INTO LOOKUP_COUNTRY_TYPE (ID, ISO2, COUNTRY_NAME_CAPS, COUNTRY_NAME, ISO3, COUNTRY_CODE, PHONE_CODE) VALUES(21182, 'VC', 'SAINT VINCENT AND THE GRENADINES', 'Saint Vincent and the Grenadines', 'VCT', 670, 1784);
INSERT INTO LOOKUP_COUNTRY_TYPE (ID, ISO2, COUNTRY_NAME_CAPS, COUNTRY_NAME, ISO3, COUNTRY_CODE, PHONE_CODE) VALUES(21183, 'WS', 'SAMOA', 'Samoa', 'WSM', 882, 684);
INSERT INTO LOOKUP_COUNTRY_TYPE (ID, ISO2, COUNTRY_NAME_CAPS, COUNTRY_NAME, ISO3, COUNTRY_CODE, PHONE_CODE) VALUES(21184, 'SM', 'SAN MARINO', 'San Marino', 'SMR', 674, 378);
INSERT INTO LOOKUP_COUNTRY_TYPE (ID, ISO2, COUNTRY_NAME_CAPS, COUNTRY_NAME, ISO3, COUNTRY_CODE, PHONE_CODE) VALUES(21185, 'ST', 'SAO TOME AND PRINCIPE', 'Sao Tome and Principe', 'STP', 678, 239);
INSERT INTO LOOKUP_COUNTRY_TYPE (ID, ISO2, COUNTRY_NAME_CAPS, COUNTRY_NAME, ISO3, COUNTRY_CODE, PHONE_CODE) VALUES(21186, 'SA', 'SAUDI ARABIA', 'Saudi Arabia', 'SAU', 682, 966);
INSERT INTO LOOKUP_COUNTRY_TYPE (ID, ISO2, COUNTRY_NAME_CAPS, COUNTRY_NAME, ISO3, COUNTRY_CODE, PHONE_CODE) VALUES(21187, 'SN', 'SENEGAL', 'Senegal', 'SEN', 686, 221);
INSERT INTO LOOKUP_COUNTRY_TYPE (ID, ISO2, COUNTRY_NAME_CAPS, COUNTRY_NAME, ISO3, COUNTRY_CODE, PHONE_CODE) VALUES(21188, 'CS', 'SERBIA AND MONTENEGRO', 'Serbia and Montenegro', NULL, NULL, 381);
INSERT INTO LOOKUP_COUNTRY_TYPE (ID, ISO2, COUNTRY_NAME_CAPS, COUNTRY_NAME, ISO3, COUNTRY_CODE, PHONE_CODE) VALUES(21189, 'SC', 'SEYCHELLES', 'Seychelles', 'SYC', 690, 248);
INSERT INTO LOOKUP_COUNTRY_TYPE (ID, ISO2, COUNTRY_NAME_CAPS, COUNTRY_NAME, ISO3, COUNTRY_CODE, PHONE_CODE) VALUES(21190, 'SL', 'SIERRA LEONE', 'Sierra Leone', 'SLE', 694, 232);
INSERT INTO LOOKUP_COUNTRY_TYPE (ID, ISO2, COUNTRY_NAME_CAPS, COUNTRY_NAME, ISO3, COUNTRY_CODE, PHONE_CODE) VALUES(21191, 'SG', 'SINGAPORE', 'Singapore', 'SGP', 702, 65);
INSERT INTO LOOKUP_COUNTRY_TYPE (ID, ISO2, COUNTRY_NAME_CAPS, COUNTRY_NAME, ISO3, COUNTRY_CODE, PHONE_CODE) VALUES(21192, 'SK', 'SLOVAKIA', 'Slovakia', 'SVK', 703, 421);
INSERT INTO LOOKUP_COUNTRY_TYPE (ID, ISO2, COUNTRY_NAME_CAPS, COUNTRY_NAME, ISO3, COUNTRY_CODE, PHONE_CODE) VALUES(21193, 'SI', 'SLOVENIA', 'Slovenia', 'SVN', 705, 386);
INSERT INTO LOOKUP_COUNTRY_TYPE (ID, ISO2, COUNTRY_NAME_CAPS, COUNTRY_NAME, ISO3, COUNTRY_CODE, PHONE_CODE) VALUES(21194, 'SB', 'SOLOMON ISLANDS', 'Solomon Islands', 'SLB', 90, 677);
INSERT INTO LOOKUP_COUNTRY_TYPE (ID, ISO2, COUNTRY_NAME_CAPS, COUNTRY_NAME, ISO3, COUNTRY_CODE, PHONE_CODE) VALUES(21195, 'SO', 'SOMALIA', 'Somalia', 'SOM', 706, 252);
INSERT INTO LOOKUP_COUNTRY_TYPE (ID, ISO2, COUNTRY_NAME_CAPS, COUNTRY_NAME, ISO3, COUNTRY_CODE, PHONE_CODE) VALUES(21196, 'ZA', 'SOUTH AFRICA', 'South Africa', 'ZAF', 710, 27);
INSERT INTO LOOKUP_COUNTRY_TYPE (ID, ISO2, COUNTRY_NAME_CAPS, COUNTRY_NAME, ISO3, COUNTRY_CODE, PHONE_CODE) VALUES(21197, 'GS', 'SOUTH GEORGIA AND THE SOUTH SANDWICH ISLANDS', 'South Georgia and the South Sandwich Islands', 'SGS', NULL, 500);
INSERT INTO LOOKUP_COUNTRY_TYPE (ID, ISO2, COUNTRY_NAME_CAPS, COUNTRY_NAME, ISO3, COUNTRY_CODE, PHONE_CODE) VALUES(21198, 'ES', 'SPAIN', 'Spain', 'ESP', 724, 34);
INSERT INTO LOOKUP_COUNTRY_TYPE (ID, ISO2, COUNTRY_NAME_CAPS, COUNTRY_NAME, ISO3, COUNTRY_CODE, PHONE_CODE) VALUES(21199, 'LK', 'SRI LANKA', 'Sri Lanka', 'LKA', 144, 94);

INSERT INTO LOOKUP_PRODUCT_TYPE (ID, PRODUCT_CODE, PRODUCT_NAME, PRODUCT_DESCRIPTION) VALUES(24000, 'ACCOUNT_SALARY', 'Salary Account', 'Salary Account');
INSERT INTO LOOKUP_PRODUCT_TYPE (ID, PRODUCT_CODE, PRODUCT_NAME, PRODUCT_DESCRIPTION) VALUES(24001, 'ACCOUNT_CURRENT', 'Current Account', 'Current Account');
INSERT INTO LOOKUP_PRODUCT_TYPE (ID, PRODUCT_CODE, PRODUCT_NAME, PRODUCT_DESCRIPTION) VALUES(24002, 'ACCOUNT_SAVINGS', 'Savings Account', 'Savings Account');
INSERT INTO LOOKUP_PRODUCT_TYPE (ID, PRODUCT_CODE, PRODUCT_NAME, PRODUCT_DESCRIPTION) VALUES(24003, 'CREDIT_CARD', 'Credit Card', 'Credit Card');
INSERT INTO LOOKUP_PRODUCT_TYPE (ID, PRODUCT_CODE, PRODUCT_NAME, PRODUCT_DESCRIPTION) VALUES(24004, 'MORTGAGE', 'Mortgages', 'Mortgages');
INSERT INTO LOOKUP_PRODUCT_TYPE (ID, PRODUCT_CODE, PRODUCT_NAME, PRODUCT_DESCRIPTION) VALUES(24005, 'LOANS_AUTO', 'Auto Loans', 'Auto Loans');
INSERT INTO LOOKUP_PRODUCT_TYPE (ID, PRODUCT_CODE, PRODUCT_NAME, PRODUCT_DESCRIPTION) VALUES(24006, 'LOANS_PERSONAL', 'Personal Loans', 'Personal Loans');
INSERT INTO LOOKUP_PRODUCT_TYPE (ID, PRODUCT_CODE, PRODUCT_NAME, PRODUCT_DESCRIPTION) VALUES(24007, 'LOANS_GOLD', 'Gold Loans', 'Gold Loans');
INSERT INTO LOOKUP_PRODUCT_TYPE (ID, PRODUCT_CODE, PRODUCT_NAME, PRODUCT_DESCRIPTION) VALUES(24008, 'DEPOSIT_FIXED', 'Fixed Deposit', 'Fixed Deposit');
INSERT INTO LOOKUP_PRODUCT_TYPE (ID, PRODUCT_CODE, PRODUCT_NAME, PRODUCT_DESCRIPTION) VALUES(24009, 'DEPOSIT_TERM', 'Term Deposit', 'Term Deposit');

INSERT INTO LOOKUP_BRANCH_TYPE (ID, BRANCH_CODE, BRANCH_NAME, BRANCH_DESCRIPTION) VALUES(25000, 'SINGAPORE_BRANCH', 'Singapore Branch', 'Singapore Branch');
INSERT INTO LOOKUP_BRANCH_TYPE (ID, BRANCH_CODE, BRANCH_NAME, BRANCH_DESCRIPTION) VALUES(25001, 'INDIA_BRANCH', 'India Branch', 'India Branch');
INSERT INTO LOOKUP_BRANCH_TYPE (ID, BRANCH_CODE, BRANCH_NAME, BRANCH_DESCRIPTION) VALUES(25002, 'HONG_KONG_BRANCH', 'Hong Kong Branch', 'Hong Kong Branch');
INSERT INTO LOOKUP_BRANCH_TYPE (ID, BRANCH_CODE, BRANCH_NAME, BRANCH_DESCRIPTION) VALUES(25003, 'THAILAND_BRANCH', 'Thailand Branch', 'Thailand Branch');
INSERT INTO LOOKUP_BRANCH_TYPE (ID, BRANCH_CODE, BRANCH_NAME, BRANCH_DESCRIPTION) VALUES(25004, 'MALAYSIA_BRANCH', 'Malaysia Branch', 'Malaysia Branch');
INSERT INTO LOOKUP_BRANCH_TYPE (ID, BRANCH_CODE, BRANCH_NAME, BRANCH_DESCRIPTION) VALUES(25005, 'INDONESIA_BRANCH', 'Indonesia Branch', 'Indonesia Branch');
INSERT INTO LOOKUP_BRANCH_TYPE (ID, BRANCH_CODE, BRANCH_NAME, BRANCH_DESCRIPTION) VALUES(25006, 'JAPAN_BRANCH', 'Japan Branch', 'Japan Branch');
INSERT INTO LOOKUP_BRANCH_TYPE (ID, BRANCH_CODE, BRANCH_NAME, BRANCH_DESCRIPTION) VALUES(25007, 'PHILIPPINES_BRANCH', 'Philippines Branch', 'Philippines Branch');

INSERT INTO LOOKUP_DOCUMENT_TYPE (ID, DOCUMENT_TYPE_CODE, DOCUMENT_TYPE_NAME) VALUES(26000, 'NATIONAL_IDENTITY_CARD', 'National Identity Card');
INSERT INTO LOOKUP_DOCUMENT_TYPE (ID, DOCUMENT_TYPE_CODE, DOCUMENT_TYPE_NAME) VALUES(26001, 'DRIVING_LICENSE', 'Driving License');
INSERT INTO LOOKUP_DOCUMENT_TYPE (ID, DOCUMENT_TYPE_CODE, DOCUMENT_TYPE_NAME) VALUES(26002, 'PASSPORT', 'Passport');
INSERT INTO LOOKUP_DOCUMENT_TYPE (ID, DOCUMENT_TYPE_CODE, DOCUMENT_TYPE_NAME) VALUES(26003, 'UTILITY_BILL', 'Utility Bill');
INSERT INTO LOOKUP_DOCUMENT_TYPE (ID, DOCUMENT_TYPE_CODE, DOCUMENT_TYPE_NAME) VALUES(26004, 'PAN_CARD', 'PAN Card');
INSERT INTO LOOKUP_DOCUMENT_TYPE (ID, DOCUMENT_TYPE_CODE, DOCUMENT_TYPE_NAME) VALUES(26005, 'BANK_ACCOUNT_STATEMENT', 'Bank Account Statement');
INSERT INTO LOOKUP_DOCUMENT_TYPE (ID, DOCUMENT_TYPE_CODE, DOCUMENT_TYPE_NAME) VALUES(26006, 'RENT_OR_LEASE_AGREEMENT', 'Rent or Lease Agreement');
INSERT INTO LOOKUP_DOCUMENT_TYPE (ID, DOCUMENT_TYPE_CODE, DOCUMENT_TYPE_NAME) VALUES(26007, 'LETTER_OF_EMPLOYMENT', 'Letter of Employment');
INSERT INTO LOOKUP_DOCUMENT_TYPE (ID, DOCUMENT_TYPE_CODE, DOCUMENT_TYPE_NAME) VALUES(26008, 'VOTERS_IDENTITY_CARD', 'Voters Identity Card');
INSERT INTO LOOKUP_DOCUMENT_TYPE (ID, DOCUMENT_TYPE_CODE, DOCUMENT_TYPE_NAME) VALUES(26009, 'RATION_CARD', 'Ration Card');
INSERT INTO LOOKUP_DOCUMENT_TYPE (ID, DOCUMENT_TYPE_CODE, DOCUMENT_TYPE_NAME) VALUES(26010, 'MARRIAGE_CERTIFICATE', 'Marriage Certificate');



INSERT INTO UI_FIELD_LIST (ID, FIELD_NAME, FIELD_DISPLAY_NAME, FIELD_TYPE, FIELD_TAB, FIELD_ORDER, FIELD_LINK, FIELD_AREA, MAX_LENGTH)  VALUES (100, 'Field_100_request_id', 'Request ID', 'INPUT', 'HEAD', NULL, NULL, 'REQUEST_DETAILS', 25);
INSERT INTO UI_FIELD_LIST (ID, FIELD_NAME, FIELD_DISPLAY_NAME, FIELD_TYPE, FIELD_TAB, FIELD_ORDER, FIELD_LINK, FIELD_AREA, MAX_LENGTH)  VALUES (101, 'Field_101_request_created', 'Request Created Date', 'INPUT', 'HEAD', NULL, NULL, 'REQUEST_DETAILS', 25);
INSERT INTO UI_FIELD_LIST (ID, FIELD_NAME, FIELD_DISPLAY_NAME, FIELD_TYPE, FIELD_TAB, FIELD_ORDER, FIELD_LINK, FIELD_AREA, MAX_LENGTH)  VALUES (102, 'Field_102_request_type', 'Request Type', 'INPUT', 'HEAD', NULL, NULL, 'REQUEST_DETAILS', 25);
INSERT INTO UI_FIELD_LIST (ID, FIELD_NAME, FIELD_DISPLAY_NAME, FIELD_TYPE, FIELD_TAB, FIELD_ORDER, FIELD_LINK, FIELD_AREA, MAX_LENGTH)  VALUES (103, 'Field_103_request_stage', 'Request Stage', 'INPUT', 'HEAD', NULL, NULL, 'REQUEST_DETAILS', 25);
INSERT INTO UI_FIELD_LIST (ID, FIELD_NAME, FIELD_DISPLAY_NAME, FIELD_TYPE, FIELD_TAB, FIELD_ORDER, FIELD_LINK, FIELD_AREA, MAX_LENGTH)  VALUES (104, 'Field_104_customer_id', 'Customer ID', 'INPUT', 'BASIC', NULL, NULL, 'REQUEST_DETAILS', 25);
INSERT INTO UI_FIELD_LIST (ID, FIELD_NAME, FIELD_DISPLAY_NAME, FIELD_TYPE, FIELD_TAB, FIELD_ORDER, FIELD_LINK, FIELD_AREA, MAX_LENGTH)  VALUES (105, 'Field_105_customer_title', 'Title', 'INPUT', 'BASIC', NULL, NULL, 'REQUEST_DETAILS', 25);
INSERT INTO UI_FIELD_LIST (ID, FIELD_NAME, FIELD_DISPLAY_NAME, FIELD_TYPE, FIELD_TAB, FIELD_ORDER, FIELD_LINK, FIELD_AREA, MAX_LENGTH)  VALUES (106, 'Field_106_customer_first_name', 'First Name', 'INPUT', 'BASIC', NULL, NULL, 'REQUEST_DETAILS', 25);
INSERT INTO UI_FIELD_LIST (ID, FIELD_NAME, FIELD_DISPLAY_NAME, FIELD_TYPE, FIELD_TAB, FIELD_ORDER, FIELD_LINK, FIELD_AREA, MAX_LENGTH)  VALUES (107, 'Field_107_customer_last_name', 'Last Name', 'INPUT', 'BASIC', NULL, NULL, 'REQUEST_DETAILS', 25);
INSERT INTO UI_FIELD_LIST (ID, FIELD_NAME, FIELD_DISPLAY_NAME, FIELD_TYPE, FIELD_TAB, FIELD_ORDER, FIELD_LINK, FIELD_AREA, MAX_LENGTH)  VALUES (108, 'Field_108_customer_display_name', 'Display Name', 'INPUT', 'BASIC', NULL, NULL, 'REQUEST_DETAILS', 25);
INSERT INTO UI_FIELD_LIST (ID, FIELD_NAME, FIELD_DISPLAY_NAME, FIELD_TYPE, FIELD_TAB, FIELD_ORDER, FIELD_LINK, FIELD_AREA, MAX_LENGTH)  VALUES (109, 'Field_109_customer_nationality', 'Nationality', 'INPUT', 'BASIC', NULL, NULL, 'REQUEST_DETAILS', 25);
INSERT INTO UI_FIELD_LIST (ID, FIELD_NAME, FIELD_DISPLAY_NAME, FIELD_TYPE, FIELD_TAB, FIELD_ORDER, FIELD_LINK, FIELD_AREA, MAX_LENGTH)  VALUES (110, 'Field_110_customer_date_of_birth', 'Date of Birth', 'INPUT', 'BASIC', NULL, NULL, 'REQUEST_DETAILS', 25);
INSERT INTO UI_FIELD_LIST (ID, FIELD_NAME, FIELD_DISPLAY_NAME, FIELD_TYPE, FIELD_TAB, FIELD_ORDER, FIELD_LINK, FIELD_AREA, MAX_LENGTH)  VALUES (112, 'Field_112_customer_marital_status', 'Marital Status', 'INPUT', 'BASIC', NULL, NULL, 'REQUEST_DETAILS', 25);
INSERT INTO UI_FIELD_LIST (ID, FIELD_NAME, FIELD_DISPLAY_NAME, FIELD_TYPE, FIELD_TAB, FIELD_ORDER, FIELD_LINK, FIELD_AREA, MAX_LENGTH)  VALUES (113, 'Field_113_customer_type', 'Customer Type', 'INPUT', 'BASIC', NULL, NULL, 'REQUEST_DETAILS', 25);
INSERT INTO UI_FIELD_LIST (ID, FIELD_NAME, FIELD_DISPLAY_NAME, FIELD_TYPE, FIELD_TAB, FIELD_ORDER, FIELD_LINK, FIELD_AREA, MAX_LENGTH)  VALUES (114, 'Field_114_reg_address_line1', 'Address Line 1', 'INPUT', 'ADDRESS', NULL, NULL, 'REQUEST_DETAILS', 25);
INSERT INTO UI_FIELD_LIST (ID, FIELD_NAME, FIELD_DISPLAY_NAME, FIELD_TYPE, FIELD_TAB, FIELD_ORDER, FIELD_LINK, FIELD_AREA, MAX_LENGTH)  VALUES (115, 'Field_115_reg_address_line2', 'Address Line 2', 'INPUT', 'ADDRESS', NULL, NULL, 'REQUEST_DETAILS', 25);
INSERT INTO UI_FIELD_LIST (ID, FIELD_NAME, FIELD_DISPLAY_NAME, FIELD_TYPE, FIELD_TAB, FIELD_ORDER, FIELD_LINK, FIELD_AREA, MAX_LENGTH)  VALUES (116, 'Field_116_reg_address_city', 'City', 'INPUT', 'ADDRESS', NULL, NULL, 'REQUEST_DETAILS', 25);
INSERT INTO UI_FIELD_LIST (ID, FIELD_NAME, FIELD_DISPLAY_NAME, FIELD_TYPE, FIELD_TAB, FIELD_ORDER, FIELD_LINK, FIELD_AREA, MAX_LENGTH)  VALUES (117, 'Field_117_reg_address_state', 'State', 'INPUT', 'ADDRESS', NULL, NULL, 'REQUEST_DETAILS', 25);
INSERT INTO UI_FIELD_LIST (ID, FIELD_NAME, FIELD_DISPLAY_NAME, FIELD_TYPE, FIELD_TAB, FIELD_ORDER, FIELD_LINK, FIELD_AREA, MAX_LENGTH)  VALUES (118, 'Field_118_reg_address_country', 'Country', 'INPUT', 'ADDRESS', NULL, NULL, 'REQUEST_DETAILS', 25);
INSERT INTO UI_FIELD_LIST (ID, FIELD_NAME, FIELD_DISPLAY_NAME, FIELD_TYPE, FIELD_TAB, FIELD_ORDER, FIELD_LINK, FIELD_AREA, MAX_LENGTH)  VALUES (119, 'Field_119_reg_address_postal_code', 'Postal Code', 'INPUT', 'ADDRESS', NULL, NULL, 'REQUEST_DETAILS', 25);
INSERT INTO UI_FIELD_LIST (ID, FIELD_NAME, FIELD_DISPLAY_NAME, FIELD_TYPE, FIELD_TAB, FIELD_ORDER, FIELD_LINK, FIELD_AREA, MAX_LENGTH)  VALUES (120, 'Field_120_com_address_line1', 'Address Line 1', 'INPUT', 'ADDRESS', NULL, NULL, 'REQUEST_DETAILS', 25);
INSERT INTO UI_FIELD_LIST (ID, FIELD_NAME, FIELD_DISPLAY_NAME, FIELD_TYPE, FIELD_TAB, FIELD_ORDER, FIELD_LINK, FIELD_AREA, MAX_LENGTH)  VALUES (121, 'Field_121_com_address_line2', 'Address Line 2', 'INPUT', 'ADDRESS', NULL, NULL, 'REQUEST_DETAILS', 25);
INSERT INTO UI_FIELD_LIST (ID, FIELD_NAME, FIELD_DISPLAY_NAME, FIELD_TYPE, FIELD_TAB, FIELD_ORDER, FIELD_LINK, FIELD_AREA, MAX_LENGTH)  VALUES (122, 'Field_122_com_address_city', 'City', 'INPUT', 'ADDRESS', NULL, NULL, 'REQUEST_DETAILS', 25);
INSERT INTO UI_FIELD_LIST (ID, FIELD_NAME, FIELD_DISPLAY_NAME, FIELD_TYPE, FIELD_TAB, FIELD_ORDER, FIELD_LINK, FIELD_AREA, MAX_LENGTH)  VALUES (123, 'Field_123_com_address_state', 'State', 'INPUT', 'ADDRESS', NULL, NULL, 'REQUEST_DETAILS', 25);
INSERT INTO UI_FIELD_LIST (ID, FIELD_NAME, FIELD_DISPLAY_NAME, FIELD_TYPE, FIELD_TAB, FIELD_ORDER, FIELD_LINK, FIELD_AREA, MAX_LENGTH)  VALUES (124, 'Field_124_com_address_country', 'Country', 'INPUT', 'ADDRESS', NULL, NULL, 'REQUEST_DETAILS', 25);
INSERT INTO UI_FIELD_LIST (ID, FIELD_NAME, FIELD_DISPLAY_NAME, FIELD_TYPE, FIELD_TAB, FIELD_ORDER, FIELD_LINK, FIELD_AREA, MAX_LENGTH)  VALUES (125, 'Field_125_com_address_postal_code', 'Postal Code', 'INPUT', 'ADDRESS', NULL, NULL, 'REQUEST_DETAILS', 25);
INSERT INTO UI_FIELD_LIST (ID, FIELD_NAME, FIELD_DISPLAY_NAME, FIELD_TYPE, FIELD_TAB, FIELD_ORDER, FIELD_LINK, FIELD_AREA, MAX_LENGTH)  VALUES (126, 'Field_126_educational_qualification', 'Educational Qualification', 'INPUT', 'ADDITIONAL', NULL, NULL, 'REQUEST_DETAILS', 25);
INSERT INTO UI_FIELD_LIST (ID, FIELD_NAME, FIELD_DISPLAY_NAME, FIELD_TYPE, FIELD_TAB, FIELD_ORDER, FIELD_LINK, FIELD_AREA, MAX_LENGTH)  VALUES (127, 'Field_127_occupation_type', 'Profession', 'INPUT', 'ADDITIONAL', NULL, NULL, 'REQUEST_DETAILS', 25);
INSERT INTO UI_FIELD_LIST (ID, FIELD_NAME, FIELD_DISPLAY_NAME, FIELD_TYPE, FIELD_TAB, FIELD_ORDER, FIELD_LINK, FIELD_AREA, MAX_LENGTH)  VALUES (128, 'Field_128_organisation_name', 'Organisation Name', 'INPUT', 'ADDITIONAL', NULL, NULL, 'REQUEST_DETAILS', 25);
INSERT INTO UI_FIELD_LIST (ID, FIELD_NAME, FIELD_DISPLAY_NAME, FIELD_TYPE, FIELD_TAB, FIELD_ORDER, FIELD_LINK, FIELD_AREA, MAX_LENGTH)  VALUES (130, 'Field_130_yearly_income', 'Yearly Income', 'INPUT', 'ADDITIONAL', NULL, NULL, 'REQUEST_DETAILS', 25);
INSERT INTO UI_FIELD_LIST (ID, FIELD_NAME, FIELD_DISPLAY_NAME, FIELD_TYPE, FIELD_TAB, FIELD_ORDER, FIELD_LINK, FIELD_AREA, MAX_LENGTH)  VALUES (132, 'Field_132_nominee_relationship_type', 'Relationship Type', 'INPUT', 'ADDITIONAL', NULL, NULL, 'REQUEST_DETAILS', 25);
INSERT INTO UI_FIELD_LIST (ID, FIELD_NAME, FIELD_DISPLAY_NAME, FIELD_TYPE, FIELD_TAB, FIELD_ORDER, FIELD_LINK, FIELD_AREA, MAX_LENGTH)  VALUES (133, 'Field_133_nominee_first_name', 'First Name', 'INPUT', 'ADDITIONAL', NULL, NULL, 'REQUEST_DETAILS', 25);
INSERT INTO UI_FIELD_LIST (ID, FIELD_NAME, FIELD_DISPLAY_NAME, FIELD_TYPE, FIELD_TAB, FIELD_ORDER, FIELD_LINK, FIELD_AREA, MAX_LENGTH)  VALUES (134, 'Field_134_nominee_last_name', 'Last Name', 'INPUT', 'ADDITIONAL', NULL, NULL, 'REQUEST_DETAILS', 25);
INSERT INTO UI_FIELD_LIST (ID, FIELD_NAME, FIELD_DISPLAY_NAME, FIELD_TYPE, FIELD_TAB, FIELD_ORDER, FIELD_LINK, FIELD_AREA, MAX_LENGTH)  VALUES (142, 'Field_142_home_ownership_type', 'Home Ownership', 'INPUT', 'ADDITIONAL', NULL, NULL, 'REQUEST_DETAILS', 25);
INSERT INTO UI_FIELD_LIST (ID, FIELD_NAME, FIELD_DISPLAY_NAME, FIELD_TYPE, FIELD_TAB, FIELD_ORDER, FIELD_LINK, FIELD_AREA, MAX_LENGTH)  VALUES (143, 'Field_143_nominee_date_of_birth', 'Date of Birth', 'INPUT', 'ADDITIONAL', NULL, NULL, 'REQUEST_DETAILS', 25);
INSERT INTO UI_FIELD_LIST (ID, FIELD_NAME, FIELD_DISPLAY_NAME, FIELD_TYPE, FIELD_TAB, FIELD_ORDER, FIELD_LINK, FIELD_AREA, MAX_LENGTH)  VALUES (144, 'Field_144_customer_email', 'Email', 'INPUT', 'BASIC', NULL, NULL, 'REQUEST_DETAILS', 25);

--BUTTONS
INSERT INTO UI_FIELD_LIST (ID, FIELD_NAME, FIELD_DISPLAY_NAME, FIELD_TYPE, FIELD_TAB, FIELD_ORDER, FIELD_LINK, FIELD_AREA, MAX_LENGTH)  VALUES (135, 'Field_135_add_new_product_button', 'Add Product', 'BUTTON', 'PRODUCT', NULL, NULL, 'REQUEST_DETAILS', 25);
INSERT INTO UI_FIELD_LIST (ID, FIELD_NAME, FIELD_DISPLAY_NAME, FIELD_TYPE, FIELD_TAB, FIELD_ORDER, FIELD_LINK, FIELD_AREA, MAX_LENGTH)  VALUES (136, 'Field_136_add_new_document_button', 'Add Document', 'BUTTON', 'DOCUMENT', NULL, NULL, 'REQUEST_DETAILS', 25);
INSERT INTO UI_FIELD_LIST (ID, FIELD_NAME, FIELD_DISPLAY_NAME, FIELD_TYPE, FIELD_TAB, FIELD_ORDER, FIELD_LINK, FIELD_AREA, MAX_LENGTH)  VALUES (145, 'Field_145_request_submit', 'Request Submit', 'BUTTON', NULL, NULL, NULL, 'REQUEST_DETAILS', 25);
INSERT INTO UI_FIELD_LIST (ID, FIELD_NAME, FIELD_DISPLAY_NAME, FIELD_TYPE, FIELD_TAB, FIELD_ORDER, FIELD_LINK, FIELD_AREA, MAX_LENGTH)  VALUES (146, 'Field_146_request_rework', 'Request Reset', 'BUTTON', NULL, NULL, NULL, 'REQUEST_DETAILS', 25);
INSERT INTO UI_FIELD_LIST (ID, FIELD_NAME, FIELD_DISPLAY_NAME, FIELD_TYPE, FIELD_TAB, FIELD_ORDER, FIELD_LINK, FIELD_AREA, MAX_LENGTH)  VALUES (151, 'Field_151_customer_search_search_button', 'Search', 'BUTTON', NULL, NULL, NULL, 'SEARCH_CUSTOMER', 25);
INSERT INTO UI_FIELD_LIST (ID, FIELD_NAME, FIELD_DISPLAY_NAME, FIELD_TYPE, FIELD_TAB, FIELD_ORDER, FIELD_LINK, FIELD_AREA, MAX_LENGTH)  VALUES (152, 'Field_152_customer_search_reset_button', 'Reset', 'BUTTON', NULL, NULL, NULL, 'SEARCH_CUSTOMER', 25);
INSERT INTO UI_FIELD_LIST (ID, FIELD_NAME, FIELD_DISPLAY_NAME, FIELD_TYPE, FIELD_TAB, FIELD_ORDER, FIELD_LINK, FIELD_AREA, MAX_LENGTH) VALUES (187, 'Field_187_add_new_product_button', 'Add Product', 'BUTTON', 'PRODUCT', NULL, NULL, 'CUSTOMER_DETAILS', 25);
INSERT INTO UI_FIELD_LIST (ID, FIELD_NAME, FIELD_DISPLAY_NAME, FIELD_TYPE, FIELD_TAB, FIELD_ORDER, FIELD_LINK, FIELD_AREA, MAX_LENGTH) VALUES (188, 'Field_188_add_new_document_button', 'Add Document', 'BUTTON', 'DOCUMENT', NULL, NULL, 'CUSTOMER_DETAILS', 25);
INSERT INTO UI_FIELD_LIST (ID, FIELD_NAME, FIELD_DISPLAY_NAME, FIELD_TYPE, FIELD_TAB, FIELD_ORDER, FIELD_LINK, FIELD_AREA, MAX_LENGTH) VALUES (207, 'Field_207_document_popup_add_button', 'Add Document', 'BUTTON', 'POPUP', NULL, NULL, 'REQUEST_DETAILS', 25);
INSERT INTO UI_FIELD_LIST (ID, FIELD_NAME, FIELD_DISPLAY_NAME, FIELD_TYPE, FIELD_TAB, FIELD_ORDER, FIELD_LINK, FIELD_AREA, MAX_LENGTH) VALUES (208, 'Field_208_document_popup_cancel_button', 'Cancel', 'BUTTON', 'POPUP', NULL, NULL, 'REQUEST_DETAILS', 25);
INSERT INTO UI_FIELD_LIST (ID, FIELD_NAME, FIELD_DISPLAY_NAME, FIELD_TYPE, FIELD_TAB, FIELD_ORDER, FIELD_LINK, FIELD_AREA, MAX_LENGTH) VALUES (203, 'Field_203_product_popup_add_button', 'Add Product', 'BUTTON', 'POPUP', NULL, NULL, 'REQUEST_DETAILS', 25);
INSERT INTO UI_FIELD_LIST (ID, FIELD_NAME, FIELD_DISPLAY_NAME, FIELD_TYPE, FIELD_TAB, FIELD_ORDER, FIELD_LINK, FIELD_AREA, MAX_LENGTH) VALUES (204, 'Field_204_product_popup_cancel_button', 'Cancel', 'BUTTON', 'POPUP', NULL, NULL, 'REQUEST_DETAILS', 25);
INSERT INTO UI_FIELD_LIST (ID, FIELD_NAME, FIELD_DISPLAY_NAME, FIELD_TYPE, FIELD_TAB, FIELD_ORDER, FIELD_LINK, FIELD_AREA, MAX_LENGTH)  VALUES (157, 'Field_157_request_search_search_button', 'Search', 'BUTTON', NULL, NULL, NULL, 'SEARCH_REQUEST', 25);
INSERT INTO UI_FIELD_LIST (ID, FIELD_NAME, FIELD_DISPLAY_NAME, FIELD_TYPE, FIELD_TAB, FIELD_ORDER, FIELD_LINK, FIELD_AREA, MAX_LENGTH)  VALUES (158, 'Field_158_request_search_reset_button', 'Reset', 'BUTTON', NULL, NULL, NULL, 'SEARCH_REQUEST', 25);
INSERT INTO UI_FIELD_LIST (ID, FIELD_NAME, FIELD_DISPLAY_NAME, FIELD_TYPE, FIELD_TAB, FIELD_ORDER, FIELD_LINK, FIELD_AREA, MAX_LENGTH)  VALUES (209, 'Field_209_request_save', 'Request Save', 'BUTTON', NULL, NULL, NULL, 'REQUEST_DETAILS', 25);
INSERT INTO UI_FIELD_LIST (ID, FIELD_NAME, FIELD_DISPLAY_NAME, FIELD_TYPE, FIELD_TAB, FIELD_ORDER, FIELD_LINK, FIELD_AREA, MAX_LENGTH)  VALUES (213, 'Field_213_create_new_create_button', 'Create', 'BUTTON', NULL, NULL, NULL, 'CREATE_REQUEST_NEW', 25);
INSERT INTO UI_FIELD_LIST (ID, FIELD_NAME, FIELD_DISPLAY_NAME, FIELD_TYPE, FIELD_TAB, FIELD_ORDER, FIELD_LINK, FIELD_AREA, MAX_LENGTH)  VALUES (218, 'Field_218_create_amend_create_button', 'Create', 'BUTTON', NULL, NULL, NULL, 'CREATE_REQUEST_AMEND', 25);


INSERT INTO UI_FIELD_LIST (ID, FIELD_NAME, FIELD_DISPLAY_NAME, FIELD_TYPE, FIELD_TAB, FIELD_ORDER, FIELD_LINK, FIELD_AREA, MAX_LENGTH)  VALUES (137, 'Field_137_basic_details_tab', 'Basic Details', 'TAB', 'NULL', 1, '.', 'REQUEST_DETAILS', 25);
INSERT INTO UI_FIELD_LIST (ID, FIELD_NAME, FIELD_DISPLAY_NAME, FIELD_TYPE, FIELD_TAB, FIELD_ORDER, FIELD_LINK, FIELD_AREA, MAX_LENGTH)  VALUES (138, 'Field_138_address_details_tab', 'Address Details', 'TAB', 'NULL', 2, 'address', 'REQUEST_DETAILS', 25);
INSERT INTO UI_FIELD_LIST (ID, FIELD_NAME, FIELD_DISPLAY_NAME, FIELD_TYPE, FIELD_TAB, FIELD_ORDER, FIELD_LINK, FIELD_AREA, MAX_LENGTH)  VALUES (139, 'Field_139_additional_details_tab', 'Additional Details', 'TAB', 'NULL', 3, 'additional', 'REQUEST_DETAILS', 25);
INSERT INTO UI_FIELD_LIST (ID, FIELD_NAME, FIELD_DISPLAY_NAME, FIELD_TYPE, FIELD_TAB, FIELD_ORDER, FIELD_LINK, FIELD_AREA, MAX_LENGTH)  VALUES (140, 'Field_140_product_details_tab', 'Product Details', 'TAB', 'NULL', 4, 'product', 'REQUEST_DETAILS', 25);
INSERT INTO UI_FIELD_LIST (ID, FIELD_NAME, FIELD_DISPLAY_NAME, FIELD_TYPE, FIELD_TAB, FIELD_ORDER, FIELD_LINK, FIELD_AREA, MAX_LENGTH)  VALUES (141, 'Field_141_document_details_tab', 'Document Details', 'TAB', 'NULL', 5, 'document', 'REQUEST_DETAILS', 25);
INSERT INTO UI_FIELD_LIST (ID, FIELD_NAME, FIELD_DISPLAY_NAME, FIELD_TYPE, FIELD_TAB, FIELD_ORDER, FIELD_LINK, FIELD_AREA, MAX_LENGTH) VALUES (189, 'Field_189_basic_details_tab', 'Basic Details', 'TAB', 'NULL', 1, '.', 'CUSTOMER_DETAILS', 25);
INSERT INTO UI_FIELD_LIST (ID, FIELD_NAME, FIELD_DISPLAY_NAME, FIELD_TYPE, FIELD_TAB, FIELD_ORDER, FIELD_LINK, FIELD_AREA, MAX_LENGTH) VALUES (190, 'Field_190_address_details_tab', 'Address Details', 'TAB', 'NULL', 2, 'address', 'CUSTOMER_DETAILS', 25);
INSERT INTO UI_FIELD_LIST (ID, FIELD_NAME, FIELD_DISPLAY_NAME, FIELD_TYPE, FIELD_TAB, FIELD_ORDER, FIELD_LINK, FIELD_AREA, MAX_LENGTH) VALUES (191, 'Field_191_additional_details_tab', 'Additional Details', 'TAB', 'NULL', 3, 'additional', 'CUSTOMER_DETAILS', 25);
INSERT INTO UI_FIELD_LIST (ID, FIELD_NAME, FIELD_DISPLAY_NAME, FIELD_TYPE, FIELD_TAB, FIELD_ORDER, FIELD_LINK, FIELD_AREA, MAX_LENGTH) VALUES (192, 'Field_192_product_details_tab', 'Product Details', 'TAB', 'NULL', 4, 'product', 'CUSTOMER_DETAILS', 25);
INSERT INTO UI_FIELD_LIST (ID, FIELD_NAME, FIELD_DISPLAY_NAME, FIELD_TYPE, FIELD_TAB, FIELD_ORDER, FIELD_LINK, FIELD_AREA, MAX_LENGTH) VALUES (193, 'Field_193_document_details_tab', 'Document Details', 'TAB', 'NULL', 5, 'document', 'CUSTOMER_DETAILS', 25);


INSERT INTO UI_FIELD_LIST (ID, FIELD_NAME, FIELD_DISPLAY_NAME, FIELD_TYPE, FIELD_TAB, FIELD_ORDER, FIELD_LINK, FIELD_AREA, MAX_LENGTH)  VALUES (147, 'Field_147_search_customer_id', 'Customer ID', 'INPUT', NULL, NULL, NULL, 'SEARCH_CUSTOMER', 25);
INSERT INTO UI_FIELD_LIST (ID, FIELD_NAME, FIELD_DISPLAY_NAME, FIELD_TYPE, FIELD_TAB, FIELD_ORDER, FIELD_LINK, FIELD_AREA, MAX_LENGTH)  VALUES (148, 'Field_148_search_customer_first_name', 'Customer First Name', 'INPUT', NULL, NULL, NULL, 'SEARCH_CUSTOMER', 25);
INSERT INTO UI_FIELD_LIST (ID, FIELD_NAME, FIELD_DISPLAY_NAME, FIELD_TYPE, FIELD_TAB, FIELD_ORDER, FIELD_LINK, FIELD_AREA, MAX_LENGTH)  VALUES (149, 'Field_149_search_customer_last_name', 'Customer Last Name', 'INPUT', NULL, NULL, NULL, 'SEARCH_CUSTOMER', 25);
INSERT INTO UI_FIELD_LIST (ID, FIELD_NAME, FIELD_DISPLAY_NAME, FIELD_TYPE, FIELD_TAB, FIELD_ORDER, FIELD_LINK, FIELD_AREA, MAX_LENGTH)  VALUES (150, 'Field_150_search_customer_nationality', 'Customer Nationality', 'INPUT', NULL, NULL, NULL, 'SEARCH_CUSTOMER', 25);
INSERT INTO UI_FIELD_LIST (ID, FIELD_NAME, FIELD_DISPLAY_NAME, FIELD_TYPE, FIELD_TAB, FIELD_ORDER, FIELD_LINK, FIELD_AREA, MAX_LENGTH)  VALUES (153, 'Field_153_search_request_id', 'Request ID', 'INPUT', NULL, NULL, NULL, 'SEARCH_REQUEST', 25);
INSERT INTO UI_FIELD_LIST (ID, FIELD_NAME, FIELD_DISPLAY_NAME, FIELD_TYPE, FIELD_TAB, FIELD_ORDER, FIELD_LINK, FIELD_AREA, MAX_LENGTH)  VALUES (154, 'Field_154_search_customer_first_name', 'Customer First Name', 'INPUT', NULL, NULL, NULL, 'SEARCH_REQUEST', 25);
INSERT INTO UI_FIELD_LIST (ID, FIELD_NAME, FIELD_DISPLAY_NAME, FIELD_TYPE, FIELD_TAB, FIELD_ORDER, FIELD_LINK, FIELD_AREA, MAX_LENGTH)  VALUES (155, 'Field_155_search_customer_last_name', 'Customer Last Name', 'INPUT', NULL, NULL, NULL, 'SEARCH_REQUEST', 25);
INSERT INTO UI_FIELD_LIST (ID, FIELD_NAME, FIELD_DISPLAY_NAME, FIELD_TYPE, FIELD_TAB, FIELD_ORDER, FIELD_LINK, FIELD_AREA, MAX_LENGTH)  VALUES (156, 'Field_156_search_request_type', 'Request Type', 'INPUT', NULL, NULL, NULL, 'SEARCH_REQUEST', 25);
INSERT INTO UI_FIELD_LIST (ID, FIELD_NAME, FIELD_DISPLAY_NAME, FIELD_TYPE, FIELD_TAB, FIELD_ORDER, FIELD_LINK, FIELD_AREA, MAX_LENGTH) VALUES (159, 'Field_159_customer_id', 'Customer ID', 'INPUT', 'BASIC', NULL, NULL, 'CUSTOMER_DETAILS', 25);
INSERT INTO UI_FIELD_LIST (ID, FIELD_NAME, FIELD_DISPLAY_NAME, FIELD_TYPE, FIELD_TAB, FIELD_ORDER, FIELD_LINK, FIELD_AREA, MAX_LENGTH) VALUES (160, 'Field_160_customer_title', 'Title', 'INPUT', 'BASIC', NULL, NULL, 'CUSTOMER_DETAILS', 25);
INSERT INTO UI_FIELD_LIST (ID, FIELD_NAME, FIELD_DISPLAY_NAME, FIELD_TYPE, FIELD_TAB, FIELD_ORDER, FIELD_LINK, FIELD_AREA, MAX_LENGTH) VALUES (161, 'Field_161_customer_first_name', 'First Name', 'INPUT', 'BASIC', NULL, NULL, 'CUSTOMER_DETAILS', 25);
INSERT INTO UI_FIELD_LIST (ID, FIELD_NAME, FIELD_DISPLAY_NAME, FIELD_TYPE, FIELD_TAB, FIELD_ORDER, FIELD_LINK, FIELD_AREA, MAX_LENGTH) VALUES (162, 'Field_162_customer_last_name', 'Last Name', 'INPUT', 'BASIC', NULL, NULL, 'CUSTOMER_DETAILS', 25);
INSERT INTO UI_FIELD_LIST (ID, FIELD_NAME, FIELD_DISPLAY_NAME, FIELD_TYPE, FIELD_TAB, FIELD_ORDER, FIELD_LINK, FIELD_AREA, MAX_LENGTH) VALUES (163, 'Field_163_customer_display_name', 'Display Name', 'INPUT', 'BASIC', NULL, NULL, 'CUSTOMER_DETAILS', 25);
INSERT INTO UI_FIELD_LIST (ID, FIELD_NAME, FIELD_DISPLAY_NAME, FIELD_TYPE, FIELD_TAB, FIELD_ORDER, FIELD_LINK, FIELD_AREA, MAX_LENGTH) VALUES (164, 'Field_164_customer_nationality', 'Nationality', 'INPUT', 'BASIC', NULL, NULL, 'CUSTOMER_DETAILS', 25);
INSERT INTO UI_FIELD_LIST (ID, FIELD_NAME, FIELD_DISPLAY_NAME, FIELD_TYPE, FIELD_TAB, FIELD_ORDER, FIELD_LINK, FIELD_AREA, MAX_LENGTH) VALUES (165, 'Field_165_customer_date_of_birth', 'Date of Birth', 'INPUT', 'BASIC', NULL, NULL, 'CUSTOMER_DETAILS', 25);
INSERT INTO UI_FIELD_LIST (ID, FIELD_NAME, FIELD_DISPLAY_NAME, FIELD_TYPE, FIELD_TAB, FIELD_ORDER, FIELD_LINK, FIELD_AREA, MAX_LENGTH) VALUES (166, 'Field_166_customer_marital_status', 'Marital Status', 'INPUT', 'BASIC', NULL, NULL, 'CUSTOMER_DETAILS', 25);
INSERT INTO UI_FIELD_LIST (ID, FIELD_NAME, FIELD_DISPLAY_NAME, FIELD_TYPE, FIELD_TAB, FIELD_ORDER, FIELD_LINK, FIELD_AREA, MAX_LENGTH) VALUES (167, 'Field_167_customer_type', 'Customer Type', 'INPUT', 'BASIC', NULL, NULL, 'CUSTOMER_DETAILS', 25);
INSERT INTO UI_FIELD_LIST (ID, FIELD_NAME, FIELD_DISPLAY_NAME, FIELD_TYPE, FIELD_TAB, FIELD_ORDER, FIELD_LINK, FIELD_AREA, MAX_LENGTH) VALUES (168, 'Field_168_reg_address_line1', 'Address Line 1', 'INPUT', 'ADDRESS', NULL, NULL, 'CUSTOMER_DETAILS', 25);
INSERT INTO UI_FIELD_LIST (ID, FIELD_NAME, FIELD_DISPLAY_NAME, FIELD_TYPE, FIELD_TAB, FIELD_ORDER, FIELD_LINK, FIELD_AREA, MAX_LENGTH) VALUES (169, 'Field_169_reg_address_line2', 'Address Line 2', 'INPUT', 'ADDRESS', NULL, NULL, 'CUSTOMER_DETAILS', 25);
INSERT INTO UI_FIELD_LIST (ID, FIELD_NAME, FIELD_DISPLAY_NAME, FIELD_TYPE, FIELD_TAB, FIELD_ORDER, FIELD_LINK, FIELD_AREA, MAX_LENGTH) VALUES (170, 'Field_170_reg_address_city', 'City', 'INPUT', 'ADDRESS', NULL, NULL, 'CUSTOMER_DETAILS', 25);
INSERT INTO UI_FIELD_LIST (ID, FIELD_NAME, FIELD_DISPLAY_NAME, FIELD_TYPE, FIELD_TAB, FIELD_ORDER, FIELD_LINK, FIELD_AREA, MAX_LENGTH) VALUES (171, 'Field_171_reg_address_state', 'State', 'INPUT', 'ADDRESS', NULL, NULL, 'CUSTOMER_DETAILS', 25);
INSERT INTO UI_FIELD_LIST (ID, FIELD_NAME, FIELD_DISPLAY_NAME, FIELD_TYPE, FIELD_TAB, FIELD_ORDER, FIELD_LINK, FIELD_AREA, MAX_LENGTH) VALUES (172, 'Field_172_reg_address_country', 'Country', 'INPUT', 'ADDRESS', NULL, NULL, 'CUSTOMER_DETAILS', 25);
INSERT INTO UI_FIELD_LIST (ID, FIELD_NAME, FIELD_DISPLAY_NAME, FIELD_TYPE, FIELD_TAB, FIELD_ORDER, FIELD_LINK, FIELD_AREA, MAX_LENGTH) VALUES (173, 'Field_173_reg_address_postal_code', 'Postal Code', 'INPUT', 'ADDRESS', NULL, NULL, 'CUSTOMER_DETAILS', 25);
INSERT INTO UI_FIELD_LIST (ID, FIELD_NAME, FIELD_DISPLAY_NAME, FIELD_TYPE, FIELD_TAB, FIELD_ORDER, FIELD_LINK, FIELD_AREA, MAX_LENGTH) VALUES (174, 'Field_174_com_address_line1', 'Address Line 1', 'INPUT', 'ADDRESS', NULL, NULL, 'CUSTOMER_DETAILS', 25);
INSERT INTO UI_FIELD_LIST (ID, FIELD_NAME, FIELD_DISPLAY_NAME, FIELD_TYPE, FIELD_TAB, FIELD_ORDER, FIELD_LINK, FIELD_AREA, MAX_LENGTH) VALUES (175, 'Field_175_com_address_line2', 'Address Line 2', 'INPUT', 'ADDRESS', NULL, NULL, 'CUSTOMER_DETAILS', 25);
INSERT INTO UI_FIELD_LIST (ID, FIELD_NAME, FIELD_DISPLAY_NAME, FIELD_TYPE, FIELD_TAB, FIELD_ORDER, FIELD_LINK, FIELD_AREA, MAX_LENGTH) VALUES (176, 'Field_176_com_address_city', 'City', 'INPUT', 'ADDRESS', NULL, NULL, 'CUSTOMER_DETAILS', 25);
INSERT INTO UI_FIELD_LIST (ID, FIELD_NAME, FIELD_DISPLAY_NAME, FIELD_TYPE, FIELD_TAB, FIELD_ORDER, FIELD_LINK, FIELD_AREA, MAX_LENGTH) VALUES (177, 'Field_177_com_address_state', 'State', 'INPUT', 'ADDRESS', NULL, NULL, 'CUSTOMER_DETAILS', 25);
INSERT INTO UI_FIELD_LIST (ID, FIELD_NAME, FIELD_DISPLAY_NAME, FIELD_TYPE, FIELD_TAB, FIELD_ORDER, FIELD_LINK, FIELD_AREA, MAX_LENGTH) VALUES (178, 'Field_178_com_address_country', 'Country', 'INPUT', 'ADDRESS', NULL, NULL, 'CUSTOMER_DETAILS', 25);
INSERT INTO UI_FIELD_LIST (ID, FIELD_NAME, FIELD_DISPLAY_NAME, FIELD_TYPE, FIELD_TAB, FIELD_ORDER, FIELD_LINK, FIELD_AREA, MAX_LENGTH) VALUES (179, 'Field_179_com_address_postal_code', 'Postal Code', 'INPUT', 'ADDRESS', NULL, NULL, 'CUSTOMER_DETAILS', 25);
INSERT INTO UI_FIELD_LIST (ID, FIELD_NAME, FIELD_DISPLAY_NAME, FIELD_TYPE, FIELD_TAB, FIELD_ORDER, FIELD_LINK, FIELD_AREA, MAX_LENGTH) VALUES (180, 'Field_180_educational_qualification', 'Educational Qualification', 'INPUT', 'ADDITIONAL', NULL, NULL, 'CUSTOMER_DETAILS', 25);
INSERT INTO UI_FIELD_LIST (ID, FIELD_NAME, FIELD_DISPLAY_NAME, FIELD_TYPE, FIELD_TAB, FIELD_ORDER, FIELD_LINK, FIELD_AREA, MAX_LENGTH) VALUES (181, 'Field_181_occupation_type', 'Profession', 'INPUT', 'ADDITIONAL', NULL, NULL, 'CUSTOMER_DETAILS', 25);
INSERT INTO UI_FIELD_LIST (ID, FIELD_NAME, FIELD_DISPLAY_NAME, FIELD_TYPE, FIELD_TAB, FIELD_ORDER, FIELD_LINK, FIELD_AREA, MAX_LENGTH) VALUES (182, 'Field_182_organisation_name', 'Organisation Name', 'INPUT', 'ADDITIONAL', NULL, NULL, 'CUSTOMER_DETAILS', 25);
INSERT INTO UI_FIELD_LIST (ID, FIELD_NAME, FIELD_DISPLAY_NAME, FIELD_TYPE, FIELD_TAB, FIELD_ORDER, FIELD_LINK, FIELD_AREA, MAX_LENGTH) VALUES (183, 'Field_183_yearly_income', 'Yearly Income', 'INPUT', 'ADDITIONAL', NULL, NULL, 'CUSTOMER_DETAILS', 25);
INSERT INTO UI_FIELD_LIST (ID, FIELD_NAME, FIELD_DISPLAY_NAME, FIELD_TYPE, FIELD_TAB, FIELD_ORDER, FIELD_LINK, FIELD_AREA, MAX_LENGTH) VALUES (184, 'Field_184_nominee_relationship_type', 'Relationship Type', 'INPUT', 'ADDITIONAL', NULL, NULL, 'CUSTOMER_DETAILS', 25);
INSERT INTO UI_FIELD_LIST (ID, FIELD_NAME, FIELD_DISPLAY_NAME, FIELD_TYPE, FIELD_TAB, FIELD_ORDER, FIELD_LINK, FIELD_AREA, MAX_LENGTH) VALUES (185, 'Field_185_nominee_first_name', 'First Name', 'INPUT', 'ADDITIONAL', NULL, NULL, 'CUSTOMER_DETAILS', 25);
INSERT INTO UI_FIELD_LIST (ID, FIELD_NAME, FIELD_DISPLAY_NAME, FIELD_TYPE, FIELD_TAB, FIELD_ORDER, FIELD_LINK, FIELD_AREA, MAX_LENGTH) VALUES (186, 'Field_186_nominee_last_name', 'Last Name', 'INPUT', 'ADDITIONAL', NULL, NULL, 'CUSTOMER_DETAILS', 25);
INSERT INTO UI_FIELD_LIST (ID, FIELD_NAME, FIELD_DISPLAY_NAME, FIELD_TYPE, FIELD_TAB, FIELD_ORDER, FIELD_LINK, FIELD_AREA, MAX_LENGTH) VALUES (194, 'Field_194_home_ownership_type', 'Home Ownership', 'INPUT', 'ADDITIONAL', NULL, NULL, 'CUSTOMER_DETAILS', 25);
INSERT INTO UI_FIELD_LIST (ID, FIELD_NAME, FIELD_DISPLAY_NAME, FIELD_TYPE, FIELD_TAB, FIELD_ORDER, FIELD_LINK, FIELD_AREA, MAX_LENGTH) VALUES (195, 'Field_195_nominee_date_of_birth', 'Date of Birth', 'INPUT', 'ADDITIONAL', NULL, NULL, 'CUSTOMER_DETAILS', 25);
INSERT INTO UI_FIELD_LIST (ID, FIELD_NAME, FIELD_DISPLAY_NAME, FIELD_TYPE, FIELD_TAB, FIELD_ORDER, FIELD_LINK, FIELD_AREA, MAX_LENGTH) VALUES (196, 'Field_196_customer_email', 'Email', 'INPUT', 'BASIC', NULL, NULL, 'CUSTOMER_DETAILS', 25);

INSERT INTO UI_FIELD_LIST (ID, FIELD_NAME, FIELD_DISPLAY_NAME, FIELD_TYPE, FIELD_TAB, FIELD_ORDER, FIELD_LINK, FIELD_AREA, MAX_LENGTH) VALUES (197, 'Field_197_customer_crated_date', 'Created Date', 'INPUT', 'HEAD', NULL, NULL, 'CUSTOMER_DETAILS', 25);
INSERT INTO UI_FIELD_LIST (ID, FIELD_NAME, FIELD_DISPLAY_NAME, FIELD_TYPE, FIELD_TAB, FIELD_ORDER, FIELD_LINK, FIELD_AREA, MAX_LENGTH) VALUES (198, 'Field_198_customer_created_by', 'Created By', 'INPUT', 'HEAD', NULL, NULL, 'CUSTOMER_DETAILS', 25);
INSERT INTO UI_FIELD_LIST (ID, FIELD_NAME, FIELD_DISPLAY_NAME, FIELD_TYPE, FIELD_TAB, FIELD_ORDER, FIELD_LINK, FIELD_AREA, MAX_LENGTH) VALUES (199, 'Field_199_customer_last_updated_date', 'Updated Date', 'INPUT', 'HEAD', NULL, NULL, 'CUSTOMER_DETAILS', 25);
INSERT INTO UI_FIELD_LIST (ID, FIELD_NAME, FIELD_DISPLAY_NAME, FIELD_TYPE, FIELD_TAB, FIELD_ORDER, FIELD_LINK, FIELD_AREA, MAX_LENGTH) VALUES (200, 'Field_200_customer_last_updated_by', 'UPDATED_BY', 'INPUT', 'HEAD', NULL, NULL, 'CUSTOMER_DETAILS', 25);

INSERT INTO UI_FIELD_LIST (ID, FIELD_NAME, FIELD_DISPLAY_NAME, FIELD_TYPE, FIELD_TAB, FIELD_ORDER, FIELD_LINK, FIELD_AREA, MAX_LENGTH) VALUES (201, 'Field_201_product_popup_product_type', 'Product Type', 'INPUT', 'POPUP', NULL, NULL, 'REQUEST_DETAILS', 25);
INSERT INTO UI_FIELD_LIST (ID, FIELD_NAME, FIELD_DISPLAY_NAME, FIELD_TYPE, FIELD_TAB, FIELD_ORDER, FIELD_LINK, FIELD_AREA, MAX_LENGTH) VALUES (202, 'Field_202_product_popup_branch_type', 'Product Branch', 'INPUT', 'POPUP', NULL, NULL, 'REQUEST_DETAILS', 25);

INSERT INTO UI_FIELD_LIST (ID, FIELD_NAME, FIELD_DISPLAY_NAME, FIELD_TYPE, FIELD_TAB, FIELD_ORDER, FIELD_LINK, FIELD_AREA, MAX_LENGTH) VALUES (205, 'Field_205_document_popup_document_type', 'Document Type', 'INPUT', 'POPUP', NULL, NULL, 'REQUEST_DETAILS', 25);
INSERT INTO UI_FIELD_LIST (ID, FIELD_NAME, FIELD_DISPLAY_NAME, FIELD_TYPE, FIELD_TAB, FIELD_ORDER, FIELD_LINK, FIELD_AREA, MAX_LENGTH) VALUES (206, 'Field_206_document_popup_document_path', 'Document Link', 'INPUT', 'POPUP', NULL, NULL, 'REQUEST_DETAILS', 35);


INSERT INTO UI_FIELD_LIST (ID, FIELD_NAME, FIELD_DISPLAY_NAME, FIELD_TYPE, FIELD_TAB, FIELD_ORDER, FIELD_LINK, FIELD_AREA, MAX_LENGTH)  VALUES (210, 'Field_210_create_new_request_first_name', 'First Name', 'INPUT', NULL, NULL, NULL, 'CREATE_REQUEST_NEW', 25);
INSERT INTO UI_FIELD_LIST (ID, FIELD_NAME, FIELD_DISPLAY_NAME, FIELD_TYPE, FIELD_TAB, FIELD_ORDER, FIELD_LINK, FIELD_AREA, MAX_LENGTH)  VALUES (211, 'Field_211_create_new_request_last_name', 'Last Name', 'INPUT', NULL, NULL, NULL, 'CREATE_REQUEST_NEW', 25);
INSERT INTO UI_FIELD_LIST (ID, FIELD_NAME, FIELD_DISPLAY_NAME, FIELD_TYPE, FIELD_TAB, FIELD_ORDER, FIELD_LINK, FIELD_AREA, MAX_LENGTH)  VALUES (212, 'Field_212_create_new_request_nationality', 'Nationality', 'INPUT', NULL, NULL, NULL, 'CREATE_REQUEST_NEW', 25);


INSERT INTO UI_FIELD_LIST (ID, FIELD_NAME, FIELD_DISPLAY_NAME, FIELD_TYPE, FIELD_TAB, FIELD_ORDER, FIELD_LINK, FIELD_AREA, MAX_LENGTH)  VALUES (214, 'Field_214_create_amend_request_first_name', 'First Name', 'INPUT', NULL, NULL, NULL, 'CREATE_REQUEST_AMEND', 25);
INSERT INTO UI_FIELD_LIST (ID, FIELD_NAME, FIELD_DISPLAY_NAME, FIELD_TYPE, FIELD_TAB, FIELD_ORDER, FIELD_LINK, FIELD_AREA, MAX_LENGTH)  VALUES (215, 'Field_215_create_amend_request_last_name', 'Last Name', 'INPUT', NULL, NULL, NULL, 'CREATE_REQUEST_AMEND', 25);
INSERT INTO UI_FIELD_LIST (ID, FIELD_NAME, FIELD_DISPLAY_NAME, FIELD_TYPE, FIELD_TAB, FIELD_ORDER, FIELD_LINK, FIELD_AREA, MAX_LENGTH)  VALUES (216, 'Field_216_create_amend_request_nationality', 'Nationality', 'INPUT', NULL, NULL, NULL, 'CREATE_REQUEST_AMEND', 25);
INSERT INTO UI_FIELD_LIST (ID, FIELD_NAME, FIELD_DISPLAY_NAME, FIELD_TYPE, FIELD_TAB, FIELD_ORDER, FIELD_LINK, FIELD_AREA, MAX_LENGTH)  VALUES (217, 'Field_217_create_amend_request_select_request_type', 'Request Type', 'INPUT', NULL, NULL, NULL, 'CREATE_REQUEST_AMEND', 25);
INSERT INTO UI_FIELD_LIST (ID, FIELD_NAME, FIELD_DISPLAY_NAME, FIELD_TYPE, FIELD_TAB, FIELD_ORDER, FIELD_LINK, FIELD_AREA, MAX_LENGTH)  VALUES (219, 'Field_219_create_amend_request_customer_id', 'Customer Id', 'INPUT', NULL, NULL, NULL, 'CREATE_REQUEST_AMEND', 25);
INSERT INTO UI_FIELD_LIST (ID, FIELD_NAME, FIELD_DISPLAY_NAME, FIELD_TYPE, FIELD_TAB, FIELD_ORDER, FIELD_LINK, FIELD_AREA, MAX_LENGTH)  VALUES (220, 'Field_220_customer_status', 'Customer Status', 'INPUT', NULL, NULL, NULL, 'REQUEST_DETAILS', 25);
INSERT INTO UI_FIELD_LIST (ID, FIELD_NAME, FIELD_DISPLAY_NAME, FIELD_TYPE, FIELD_TAB, FIELD_ORDER, FIELD_LINK, FIELD_AREA, MAX_LENGTH)  VALUES (221, 'Field_221_customer_status', 'Customer Status', 'INPUT', NULL, NULL, NULL, 'CUSTOMER_DETAILS', 25);

-- Create New Customer
INSERT INTO REQUEST_TYPE_REQUEST_STAGE_RULES (ID, REQUEST_TYPE_ID, REQUEST_STAGE_ID, STAGE_ORDER) VALUES(1, 11000, 19000, 1); -- Collect KYC
INSERT INTO REQUEST_TYPE_REQUEST_STAGE_RULES (ID, REQUEST_TYPE_ID, REQUEST_STAGE_ID, STAGE_ORDER) VALUES(2, 11000, 19001, 2); -- Update Products
INSERT INTO REQUEST_TYPE_REQUEST_STAGE_RULES (ID, REQUEST_TYPE_ID, REQUEST_STAGE_ID, STAGE_ORDER) VALUES(4, 11000, 19002, 3); -- Update Documents
INSERT INTO REQUEST_TYPE_REQUEST_STAGE_RULES (ID, REQUEST_TYPE_ID, REQUEST_STAGE_ID, STAGE_ORDER) VALUES(5, 11000, 19003, 4); -- Review and Submit
INSERT INTO REQUEST_TYPE_REQUEST_STAGE_RULES (ID, REQUEST_TYPE_ID, REQUEST_STAGE_ID, STAGE_ORDER) VALUES(6, 11000, 19004, 5); -- Manager Approval

-- Address Amendment
INSERT INTO REQUEST_TYPE_REQUEST_STAGE_RULES (ID, REQUEST_TYPE_ID, REQUEST_STAGE_ID, STAGE_ORDER) VALUES(8, 11001, 19007, 1); -- Update Address
INSERT INTO REQUEST_TYPE_REQUEST_STAGE_RULES (ID, REQUEST_TYPE_ID, REQUEST_STAGE_ID, STAGE_ORDER) VALUES(9, 11001, 19003, 2); -- Review and Submit
INSERT INTO REQUEST_TYPE_REQUEST_STAGE_RULES (ID, REQUEST_TYPE_ID, REQUEST_STAGE_ID, STAGE_ORDER) VALUES(10, 11001, 19004, 3); -- Manager Approval


-- KYC Amendment
INSERT INTO REQUEST_TYPE_REQUEST_STAGE_RULES (ID, REQUEST_TYPE_ID, REQUEST_STAGE_ID, STAGE_ORDER) VALUES(12, 11002, 19000, 1); -- Collect KYC
INSERT INTO REQUEST_TYPE_REQUEST_STAGE_RULES (ID, REQUEST_TYPE_ID, REQUEST_STAGE_ID, STAGE_ORDER) VALUES(13, 11002, 19003, 2); -- Review and Submit
INSERT INTO REQUEST_TYPE_REQUEST_STAGE_RULES (ID, REQUEST_TYPE_ID, REQUEST_STAGE_ID, STAGE_ORDER) VALUES(14, 11002, 19004, 3); --- Manager Approval


-- Product Amendment
INSERT INTO REQUEST_TYPE_REQUEST_STAGE_RULES (ID, REQUEST_TYPE_ID, REQUEST_STAGE_ID, STAGE_ORDER) VALUES(16, 11003, 19001, 1); -- Update Products
INSERT INTO REQUEST_TYPE_REQUEST_STAGE_RULES (ID, REQUEST_TYPE_ID, REQUEST_STAGE_ID, STAGE_ORDER) VALUES(17, 11003, 19003, 2); -- Review and Submit
INSERT INTO REQUEST_TYPE_REQUEST_STAGE_RULES (ID, REQUEST_TYPE_ID, REQUEST_STAGE_ID, STAGE_ORDER) VALUES(18, 11003, 19004, 3); -- Manager Approval


-- Document Amendment
INSERT INTO REQUEST_TYPE_REQUEST_STAGE_RULES (ID, REQUEST_TYPE_ID, REQUEST_STAGE_ID, STAGE_ORDER) VALUES(20, 11004, 19002, 1); -- Update Documents
INSERT INTO REQUEST_TYPE_REQUEST_STAGE_RULES (ID, REQUEST_TYPE_ID, REQUEST_STAGE_ID, STAGE_ORDER) VALUES(21, 11004, 19003, 2); -- Review and Submit
INSERT INTO REQUEST_TYPE_REQUEST_STAGE_RULES (ID, REQUEST_TYPE_ID, REQUEST_STAGE_ID, STAGE_ORDER) VALUES(22, 11004, 19004, 3); -- Manager Approval

-- Periodic Review
INSERT INTO REQUEST_TYPE_REQUEST_STAGE_RULES (ID, REQUEST_TYPE_ID, REQUEST_STAGE_ID, STAGE_ORDER) VALUES(24, 11005, 19000, 1); -- Collect KYC
INSERT INTO REQUEST_TYPE_REQUEST_STAGE_RULES (ID, REQUEST_TYPE_ID, REQUEST_STAGE_ID, STAGE_ORDER) VALUES(25, 11005, 19001, 2); -- Update Products
INSERT INTO REQUEST_TYPE_REQUEST_STAGE_RULES (ID, REQUEST_TYPE_ID, REQUEST_STAGE_ID, STAGE_ORDER) VALUES(27, 11005, 19002, 3); -- Update Documents
INSERT INTO REQUEST_TYPE_REQUEST_STAGE_RULES (ID, REQUEST_TYPE_ID, REQUEST_STAGE_ID, STAGE_ORDER) VALUES(28, 11005, 19003, 4); -- Review and Submit
INSERT INTO REQUEST_TYPE_REQUEST_STAGE_RULES (ID, REQUEST_TYPE_ID, REQUEST_STAGE_ID, STAGE_ORDER) VALUES(29, 11005, 19004, 5); -- Manager Approval


-- Customer Lifecycle Request
INSERT INTO REQUEST_TYPE_REQUEST_STAGE_RULES (ID, REQUEST_TYPE_ID, REQUEST_STAGE_ID, STAGE_ORDER) VALUES(31, 11006, 19000, 1); -- Collect KYC
INSERT INTO REQUEST_TYPE_REQUEST_STAGE_RULES (ID, REQUEST_TYPE_ID, REQUEST_STAGE_ID, STAGE_ORDER) VALUES(32, 11006, 19003, 3); -- Review and Submit
INSERT INTO REQUEST_TYPE_REQUEST_STAGE_RULES (ID, REQUEST_TYPE_ID, REQUEST_STAGE_ID, STAGE_ORDER) VALUES(33, 11006, 19004, 4); -- Manager Approval

-- Create New Customer
INSERT INTO STAGE_WORKFLOW_RULES (ID, REQUEST_TYPE_ID, CURRENT_STAGE_ID, STAGE_ACTION, NEXT_STAGE_ID) VALUES(1,  11000, 19000, 'SUCCESS', 19001);  -- Collect KYC         -> Update Products
INSERT INTO STAGE_WORKFLOW_RULES (ID, REQUEST_TYPE_ID, CURRENT_STAGE_ID, STAGE_ACTION, NEXT_STAGE_ID) VALUES(3,  11000, 19001, 'SUCCESS', 19002);  -- Update Products     -> Update Documents
INSERT INTO STAGE_WORKFLOW_RULES (ID, REQUEST_TYPE_ID, CURRENT_STAGE_ID, STAGE_ACTION, NEXT_STAGE_ID) VALUES(7,  11000, 19002, 'SUCCESS', 19003);  -- Update Documents    -> Review and Submit
INSERT INTO STAGE_WORKFLOW_RULES (ID, REQUEST_TYPE_ID, CURRENT_STAGE_ID, STAGE_ACTION, NEXT_STAGE_ID) VALUES(9,  11000, 19003, 'SUCCESS', 19004);  -- Review and Submit   -> Manager Approval
INSERT INTO STAGE_WORKFLOW_RULES (ID, REQUEST_TYPE_ID, CURRENT_STAGE_ID, STAGE_ACTION, NEXT_STAGE_ID) VALUES(11, 11000, 19004, 'SUCCESS', 19005);  -- Manager Approval    -> Closed
INSERT INTO STAGE_WORKFLOW_RULES (ID, REQUEST_TYPE_ID, CURRENT_STAGE_ID, STAGE_ACTION, NEXT_STAGE_ID) VALUES(13, 11000, 19005, 'SUCCESS', NULL);   -- Closed              -> NONE

INSERT INTO STAGE_WORKFLOW_RULES (ID, REQUEST_TYPE_ID, CURRENT_STAGE_ID, STAGE_ACTION, NEXT_STAGE_ID) VALUES(2,  11000, 19000, 'REWORK', NULL);    -- Collect KYC         -> NONE
INSERT INTO STAGE_WORKFLOW_RULES (ID, REQUEST_TYPE_ID, CURRENT_STAGE_ID, STAGE_ACTION, NEXT_STAGE_ID) VALUES(4,  11000, 19001, 'REWORK', 19000);   -- Update Products     -> Collect KYC
INSERT INTO STAGE_WORKFLOW_RULES (ID, REQUEST_TYPE_ID, CURRENT_STAGE_ID, STAGE_ACTION, NEXT_STAGE_ID) VALUES(8,  11000, 19002, 'REWORK', 19001);   -- Update Documents    -> Update Products
INSERT INTO STAGE_WORKFLOW_RULES (ID, REQUEST_TYPE_ID, CURRENT_STAGE_ID, STAGE_ACTION, NEXT_STAGE_ID) VALUES(10, 11000, 19003, 'REWORK', 19002);   -- Review and Submit   -> Update Documents
INSERT INTO STAGE_WORKFLOW_RULES (ID, REQUEST_TYPE_ID, CURRENT_STAGE_ID, STAGE_ACTION, NEXT_STAGE_ID) VALUES(12, 11000, 19004, 'REWORK', 19003);   -- Manager Approval    -> Review and Submit
INSERT INTO STAGE_WORKFLOW_RULES (ID, REQUEST_TYPE_ID, CURRENT_STAGE_ID, STAGE_ACTION, NEXT_STAGE_ID) VALUES(14, 11000, 19005, 'REWORK', NULL);    -- Closed              -> NONE


-- Address Amendment
INSERT INTO STAGE_WORKFLOW_RULES (ID, REQUEST_TYPE_ID, CURRENT_STAGE_ID, STAGE_ACTION, NEXT_STAGE_ID) VALUES(15, 11001, 19007, 'SUCCESS', 19003);  -- Update Address        -> Review and Submit
INSERT INTO STAGE_WORKFLOW_RULES (ID, REQUEST_TYPE_ID, CURRENT_STAGE_ID, STAGE_ACTION, NEXT_STAGE_ID) VALUES(17, 11001, 19003, 'SUCCESS', 19004);  -- Review and Submit     -> Manager Approval
INSERT INTO STAGE_WORKFLOW_RULES (ID, REQUEST_TYPE_ID, CURRENT_STAGE_ID, STAGE_ACTION, NEXT_STAGE_ID) VALUES(19, 11001, 19004, 'SUCCESS', 19005);  -- Manager Approval      -> Closed
INSERT INTO STAGE_WORKFLOW_RULES (ID, REQUEST_TYPE_ID, CURRENT_STAGE_ID, STAGE_ACTION, NEXT_STAGE_ID) VALUES(21, 11001, 19005, 'SUCCESS', NULL);   -- Closed                -> NONE

INSERT INTO STAGE_WORKFLOW_RULES (ID, REQUEST_TYPE_ID, CURRENT_STAGE_ID, STAGE_ACTION, NEXT_STAGE_ID) VALUES(16, 11001, 19007, 'REWORK',  NULL);
INSERT INTO STAGE_WORKFLOW_RULES (ID, REQUEST_TYPE_ID, CURRENT_STAGE_ID, STAGE_ACTION, NEXT_STAGE_ID) VALUES(18, 11001, 19003, 'REWORK',  19007);   -- Review and Submit   -> Update Address
INSERT INTO STAGE_WORKFLOW_RULES (ID, REQUEST_TYPE_ID, CURRENT_STAGE_ID, STAGE_ACTION, NEXT_STAGE_ID) VALUES(20, 11001, 19004, 'REWORK',  19003);   -- Manager Approval    -> Review and Submit
INSERT INTO STAGE_WORKFLOW_RULES (ID, REQUEST_TYPE_ID, CURRENT_STAGE_ID, STAGE_ACTION, NEXT_STAGE_ID) VALUES(22, 11001, 19005, 'REWORK',  NULL);    -- Closed              -> NONE

-- KYC Amendment
INSERT INTO STAGE_WORKFLOW_RULES (ID, REQUEST_TYPE_ID, CURRENT_STAGE_ID, STAGE_ACTION, NEXT_STAGE_ID) VALUES(23, 11002, 19000, 'SUCCESS', 19003);   -- Collect KYC         -> Review and Submit
INSERT INTO STAGE_WORKFLOW_RULES (ID, REQUEST_TYPE_ID, CURRENT_STAGE_ID, STAGE_ACTION, NEXT_STAGE_ID) VALUES(25, 11002, 19003, 'SUCCESS', 19004);   -- Review and Submit   -> Manager Approval
INSERT INTO STAGE_WORKFLOW_RULES (ID, REQUEST_TYPE_ID, CURRENT_STAGE_ID, STAGE_ACTION, NEXT_STAGE_ID) VALUES(27, 11002, 19004, 'SUCCESS', 19005);   -- Manager Approval    -> Closed
INSERT INTO STAGE_WORKFLOW_RULES (ID, REQUEST_TYPE_ID, CURRENT_STAGE_ID, STAGE_ACTION, NEXT_STAGE_ID) VALUES(29, 11002, 19005, 'SUCCESS', NULL);

INSERT INTO STAGE_WORKFLOW_RULES (ID, REQUEST_TYPE_ID, CURRENT_STAGE_ID, STAGE_ACTION, NEXT_STAGE_ID) VALUES(24, 11002, 19000, 'REWORK',  NULL);    -- Collect KYC ->      -> NONE
INSERT INTO STAGE_WORKFLOW_RULES (ID, REQUEST_TYPE_ID, CURRENT_STAGE_ID, STAGE_ACTION, NEXT_STAGE_ID) VALUES(26, 11002, 19003, 'REWORK',  19000);   -- Review and Submit   -> Collect KYC
INSERT INTO STAGE_WORKFLOW_RULES (ID, REQUEST_TYPE_ID, CURRENT_STAGE_ID, STAGE_ACTION, NEXT_STAGE_ID) VALUES(28, 11002, 19004, 'REWORK',  19003);   -- Manager Approval    -> Review and Submit
INSERT INTO STAGE_WORKFLOW_RULES (ID, REQUEST_TYPE_ID, CURRENT_STAGE_ID, STAGE_ACTION, NEXT_STAGE_ID) VALUES(30, 11002, 19005, 'REWORK',  NULL);    -- Closed              -> NONE

-- Product Amendment
INSERT INTO STAGE_WORKFLOW_RULES (ID, REQUEST_TYPE_ID, CURRENT_STAGE_ID, STAGE_ACTION, NEXT_STAGE_ID) VALUES(31, 11003, 19001, 'SUCCESS', 19003);   -- Update Products     -> Review and Submit
INSERT INTO STAGE_WORKFLOW_RULES (ID, REQUEST_TYPE_ID, CURRENT_STAGE_ID, STAGE_ACTION, NEXT_STAGE_ID) VALUES(33, 11003, 19003, 'SUCCESS', 19004);   -- Review and Submit   -> Manager Approval
INSERT INTO STAGE_WORKFLOW_RULES (ID, REQUEST_TYPE_ID, CURRENT_STAGE_ID, STAGE_ACTION, NEXT_STAGE_ID) VALUES(35, 11003, 19004, 'SUCCESS', 19005);   -- Manager Approval    -> Closed
INSERT INTO STAGE_WORKFLOW_RULES (ID, REQUEST_TYPE_ID, CURRENT_STAGE_ID, STAGE_ACTION, NEXT_STAGE_ID) VALUES(37, 11003, 19005, 'SUCCESS', NULL);    -- Closed              -> NONE

INSERT INTO STAGE_WORKFLOW_RULES (ID, REQUEST_TYPE_ID, CURRENT_STAGE_ID, STAGE_ACTION, NEXT_STAGE_ID) VALUES(32, 11003, 19001, 'REWORK',  NULL);    -- Update Products     -> NONE
INSERT INTO STAGE_WORKFLOW_RULES (ID, REQUEST_TYPE_ID, CURRENT_STAGE_ID, STAGE_ACTION, NEXT_STAGE_ID) VALUES(34, 11003, 19003, 'REWORK',  19001);   -- Review and Submit   -> Update Products
INSERT INTO STAGE_WORKFLOW_RULES (ID, REQUEST_TYPE_ID, CURRENT_STAGE_ID, STAGE_ACTION, NEXT_STAGE_ID) VALUES(36, 11003, 19004, 'REWORK',  19003);   -- Manager Approval    -> Review and Submit
INSERT INTO STAGE_WORKFLOW_RULES (ID, REQUEST_TYPE_ID, CURRENT_STAGE_ID, STAGE_ACTION, NEXT_STAGE_ID) VALUES(38, 11003, 19006, 'REWORK',  NULL);    -- Closed              -> NONE

-- Document Amendment
INSERT INTO STAGE_WORKFLOW_RULES (ID, REQUEST_TYPE_ID, CURRENT_STAGE_ID, STAGE_ACTION, NEXT_STAGE_ID) VALUES(39, 11004, 19002, 'SUCCESS', 19003);   -- Update Documents    -> Review and Submit
INSERT INTO STAGE_WORKFLOW_RULES (ID, REQUEST_TYPE_ID, CURRENT_STAGE_ID, STAGE_ACTION, NEXT_STAGE_ID) VALUES(41, 11004, 19003, 'SUCCESS', 19004);   -- Review and Submit   -> Manager Approval
INSERT INTO STAGE_WORKFLOW_RULES (ID, REQUEST_TYPE_ID, CURRENT_STAGE_ID, STAGE_ACTION, NEXT_STAGE_ID) VALUES(43, 11004, 19004, 'SUCCESS', 19005);   -- Manager Approval    -> Closed
INSERT INTO STAGE_WORKFLOW_RULES (ID, REQUEST_TYPE_ID, CURRENT_STAGE_ID, STAGE_ACTION, NEXT_STAGE_ID) VALUES(45, 11004, 19005, 'SUCCESS', NULL);    -- Closed              -> NONE

INSERT INTO STAGE_WORKFLOW_RULES (ID, REQUEST_TYPE_ID, CURRENT_STAGE_ID, STAGE_ACTION, NEXT_STAGE_ID) VALUES(40, 11004, 19002, 'REWORK',  NULL);   -- Update Documents     -> NONE
INSERT INTO STAGE_WORKFLOW_RULES (ID, REQUEST_TYPE_ID, CURRENT_STAGE_ID, STAGE_ACTION, NEXT_STAGE_ID) VALUES(42, 11004, 19003, 'REWORK',  19002);  -- Review and Submit    -> Update Documents
INSERT INTO STAGE_WORKFLOW_RULES (ID, REQUEST_TYPE_ID, CURRENT_STAGE_ID, STAGE_ACTION, NEXT_STAGE_ID) VALUES(44, 11004, 19004, 'REWORK',  19003);  -- Manager Approval     -> Review and Submit
INSERT INTO STAGE_WORKFLOW_RULES (ID, REQUEST_TYPE_ID, CURRENT_STAGE_ID, STAGE_ACTION, NEXT_STAGE_ID) VALUES(46, 11004, 19005, 'REWORK',  NULL);   -- Closed               -> NONE

-- Periodic Review
INSERT INTO STAGE_WORKFLOW_RULES (ID, REQUEST_TYPE_ID, CURRENT_STAGE_ID, STAGE_ACTION, NEXT_STAGE_ID) VALUES(47, 11005, 19000, 'SUCCESS', 19001); -- Collect KYC           -> Update Products
INSERT INTO STAGE_WORKFLOW_RULES (ID, REQUEST_TYPE_ID, CURRENT_STAGE_ID, STAGE_ACTION, NEXT_STAGE_ID) VALUES(49, 11005, 19001, 'SUCCESS', 19002); -- Update Products       -> Update Documents
INSERT INTO STAGE_WORKFLOW_RULES (ID, REQUEST_TYPE_ID, CURRENT_STAGE_ID, STAGE_ACTION, NEXT_STAGE_ID) VALUES(51, 11005, 19002, 'SUCCESS', 19003); -- Update Documents      -> Review and Submit
INSERT INTO STAGE_WORKFLOW_RULES (ID, REQUEST_TYPE_ID, CURRENT_STAGE_ID, STAGE_ACTION, NEXT_STAGE_ID) VALUES(53, 11005, 19003, 'SUCCESS', 19004); -- Review and Submit     -> Manager Approval
INSERT INTO STAGE_WORKFLOW_RULES (ID, REQUEST_TYPE_ID, CURRENT_STAGE_ID, STAGE_ACTION, NEXT_STAGE_ID) VALUES(55, 11005, 19004, 'SUCCESS', 19005); -- Manager Approval      -> Closed
INSERT INTO STAGE_WORKFLOW_RULES (ID, REQUEST_TYPE_ID, CURRENT_STAGE_ID, STAGE_ACTION, NEXT_STAGE_ID) VALUES(59, 11005, 19005, 'SUCCESS', NULL);  -- Closed                -> NONE

INSERT INTO STAGE_WORKFLOW_RULES (ID, REQUEST_TYPE_ID, CURRENT_STAGE_ID, STAGE_ACTION, NEXT_STAGE_ID) VALUES(48, 11005, 19000, 'REWORK',  NULL);  -- Collect KYC           -> NONE
INSERT INTO STAGE_WORKFLOW_RULES (ID, REQUEST_TYPE_ID, CURRENT_STAGE_ID, STAGE_ACTION, NEXT_STAGE_ID) VALUES(50, 11005, 19001, 'REWORK',  19000); -- Update Products       -> Collect KYC
INSERT INTO STAGE_WORKFLOW_RULES (ID, REQUEST_TYPE_ID, CURRENT_STAGE_ID, STAGE_ACTION, NEXT_STAGE_ID) VALUES(52, 11005, 19002, 'REWORK',  19001); -- Update Documents      -> Update Products
INSERT INTO STAGE_WORKFLOW_RULES (ID, REQUEST_TYPE_ID, CURRENT_STAGE_ID, STAGE_ACTION, NEXT_STAGE_ID) VALUES(54, 11005, 19003, 'REWORK',  19002); -- Review and Submit     -> Update Documents
INSERT INTO STAGE_WORKFLOW_RULES (ID, REQUEST_TYPE_ID, CURRENT_STAGE_ID, STAGE_ACTION, NEXT_STAGE_ID) VALUES(56, 11005, 19004, 'REWORK',  19003); -- Manager Approval      -> Review and Submit
INSERT INTO STAGE_WORKFLOW_RULES (ID, REQUEST_TYPE_ID, CURRENT_STAGE_ID, STAGE_ACTION, NEXT_STAGE_ID) VALUES(58, 11005, 19005, 'REWORK',  NULL);  -- Closed                -> NONE


-- Customer Lifecycle Request
INSERT INTO STAGE_WORKFLOW_RULES (ID, REQUEST_TYPE_ID, CURRENT_STAGE_ID, STAGE_ACTION, NEXT_STAGE_ID) VALUES(61, 11006, 19000, 'SUCCESS', 19003); -- Collect KYC           -> Review and Submit
INSERT INTO STAGE_WORKFLOW_RULES (ID, REQUEST_TYPE_ID, CURRENT_STAGE_ID, STAGE_ACTION, NEXT_STAGE_ID) VALUES(63, 11006, 19003, 'SUCCESS', 19004); -- Review and Submit     -> Manager Approval
INSERT INTO STAGE_WORKFLOW_RULES (ID, REQUEST_TYPE_ID, CURRENT_STAGE_ID, STAGE_ACTION, NEXT_STAGE_ID) VALUES(65, 11006, 19004, 'SUCCESS', 19005); -- Manager Approval      -> Closed
INSERT INTO STAGE_WORKFLOW_RULES (ID, REQUEST_TYPE_ID, CURRENT_STAGE_ID, STAGE_ACTION, NEXT_STAGE_ID) VALUES(67, 11006, 19005, 'SUCCESS', NULL);

INSERT INTO STAGE_WORKFLOW_RULES (ID, REQUEST_TYPE_ID, CURRENT_STAGE_ID, STAGE_ACTION, NEXT_STAGE_ID) VALUES(62, 11006, 19000, 'REWORK',  NULL);  -- Collect KYC           -> NONE
INSERT INTO STAGE_WORKFLOW_RULES (ID, REQUEST_TYPE_ID, CURRENT_STAGE_ID, STAGE_ACTION, NEXT_STAGE_ID) VALUES(64, 11006, 19003, 'REWORK',  19000); -- Review and Submit     -> Collect KYC
INSERT INTO STAGE_WORKFLOW_RULES (ID, REQUEST_TYPE_ID, CURRENT_STAGE_ID, STAGE_ACTION, NEXT_STAGE_ID) VALUES(66, 11006, 19004, 'REWORK',  19003); -- Manager Approval      -> Review and Submit
INSERT INTO STAGE_WORKFLOW_RULES (ID, REQUEST_TYPE_ID, CURRENT_STAGE_ID, STAGE_ACTION, NEXT_STAGE_ID) VALUES(68, 11006, 19005, 'REWORK',  NULL);  -- Closed                 -> NONE


--INSERT INTO UI_FIELD_RULES (REQUEST_TYPE_ID, REQUEST_STAGE_ID, FIELD_ID, IS_VISIBLE, IS_EDITABLE, IS_MANDATORY)
--SELECT RTRS.REQUEST_TYPE_ID , RTRS.REQUEST_STAGE_ID, FL.ID, TRUE IS_VISIBLE, TRUE IS_EDITABLE, FALSE IS_MANDATORY FROM REQUEST_TYPE_REQUEST_STAGE_RULES RTRS
--JOIN UI_FIELD_LIST FL
--ORDER BY RTRS.REQUEST_TYPE_ID, RTRS.REQUEST_STAGE_ID, FL.ID;

INSERT INTO UI_FIELD_RULES (REQUEST_TYPE_ID, REQUEST_STAGE_ID, FIELD_ID, IS_VISIBLE, IS_EDITABLE, IS_MANDATORY)
SELECT RTRS.REQUEST_TYPE_ID , RTRS.REQUEST_STAGE_ID, FL.ID, true IS_VISIBLE, false IS_EDITABLE, false IS_MANDATORY  FROM
    ( SELECT * FROM REQUEST_TYPE_REQUEST_STAGE_RULES RTRS
     UNION (SELECT ROWNUM+50 ID, 10 STAGE_ORDER, ST.ID REQUEST_STAGE_ID,  RT.ID REQUEST_TYPE_ID FROM LOOKUP_REQUEST_TYPE RT
     JOIN LOOKUP_STAGE_TYPE ST WHERE STAGE = 'Closed')) RTRS
JOIN UI_FIELD_LIST FL
ORDER BY RTRS.REQUEST_TYPE_ID, RTRS.REQUEST_STAGE_ID, FL.ID;

-- DISABLE ALL REUEST DETAILS BUTTONS
UPDATE UI_FIELD_RULES FR SET FR.IS_VISIBLE =FALSE
WHERE  FIELD_ID IN (135, 136, 145, 146, 209);

--CREATE CUSTOMER, PERIODIC REVIEW FIRST STAGE
UPDATE UI_FIELD_RULES FR SET FR.IS_EDITABLE = TRUE
WHERE  REQUEST_TYPE_ID IN (11000, 11005)
AND REQUEST_STAGE_ID IN (19000)
AND FIELD_ID IN (105, 106, 107, 108, 109, 110, 111, 112, 113, 114, 115, 116, 117, 118, 119, 120, 121, 122, 123, 124, 125, 126, 127, 128, 129, 130, 131, 132, 133, 134, 142, 143, 144, 220);
--DISABLE ALL REQUEST BUTTONS
UPDATE UI_FIELD_RULES FR SET FR.IS_VISIBLE =false
WHERE  FIELD_ID IN (135, 136, 145, 146, 209);
--ENABLE SAVE, SUBMIT BUTTONS
UPDATE UI_FIELD_RULES FR SET FR.IS_VISIBLE = TRUE, FR.IS_EDITABLE = TRUE
WHERE FR.FIELD_ID IN (145, 209)
AND (
	(REQUEST_TYPE_ID = 11000 AND REQUEST_STAGE_ID IN (19000, 19001, 19002, 19003, 19004))
OR 	(REQUEST_TYPE_ID = 11001 AND REQUEST_STAGE_ID IN (19007, 19003, 19004))
OR 	(REQUEST_TYPE_ID = 11002 AND REQUEST_STAGE_ID IN (19000, 19003, 19004))
OR 	(REQUEST_TYPE_ID = 11003 AND REQUEST_STAGE_ID IN (19001, 19003, 19004))
OR 	(REQUEST_TYPE_ID = 11004 AND REQUEST_STAGE_ID IN (19002, 19003, 19004))
OR 	(REQUEST_TYPE_ID = 11005 AND REQUEST_STAGE_ID IN (19000, 19001, 19002, 19003, 19004))
OR 	(REQUEST_TYPE_ID = 11006 AND REQUEST_STAGE_ID IN (19000, 19003, 19004))
);
--ENABLE REWORK BUTTONS
UPDATE UI_FIELD_RULES FR SET FR.IS_VISIBLE = TRUE, FR.IS_EDITABLE = TRUE
WHERE FR.FIELD_ID IN (146)
AND (
	(REQUEST_TYPE_ID = 11000 AND REQUEST_STAGE_ID IN (19001, 19002, 19003, 19004))
OR 	(REQUEST_TYPE_ID = 11001 AND REQUEST_STAGE_ID IN (19003, 19004))
OR 	(REQUEST_TYPE_ID = 11002 AND REQUEST_STAGE_ID IN (19003, 19004))
OR 	(REQUEST_TYPE_ID = 11003 AND REQUEST_STAGE_ID IN (19003, 19004))
OR 	(REQUEST_TYPE_ID = 11004 AND REQUEST_STAGE_ID IN (19003, 19004))
OR 	(REQUEST_TYPE_ID = 11005 AND REQUEST_STAGE_ID IN (19001, 19002, 19003, 19004))
OR 	(REQUEST_TYPE_ID = 11006 AND REQUEST_STAGE_ID IN (19003, 19004))
);

-- ENABLE PRODUCT BUTTON STAGE
UPDATE UI_FIELD_RULES FR SET FR.IS_VISIBLE = TRUE, FR.IS_EDITABLE=TRUE
WHERE FR.FIELD_ID IN (135)
AND (
	(REQUEST_TYPE_ID = 11000 AND REQUEST_STAGE_ID IN (19001))
OR 	(REQUEST_TYPE_ID = 11003 AND REQUEST_STAGE_ID IN (19001))
OR 	(REQUEST_TYPE_ID = 11005 AND REQUEST_STAGE_ID IN (19001))
);
-- ENABLE DOCUMENT BUTTON STAGE
UPDATE UI_FIELD_RULES FR SET FR.IS_VISIBLE = TRUE, FR.IS_EDITABLE=TRUE
WHERE FR.FIELD_ID IN (136)
AND (
	(REQUEST_TYPE_ID = 11000 AND REQUEST_STAGE_ID IN (19002))
OR 	(REQUEST_TYPE_ID = 11004 AND REQUEST_STAGE_ID IN (19002))
OR 	(REQUEST_TYPE_ID = 11005 AND REQUEST_STAGE_ID IN (19002))
);
-- ENABLE ADDRESS FIELD FOR ADDRESS AMENDMENT
UPDATE UI_FIELD_RULES FR SET FR.IS_EDITABLE = TRUE
WHERE  REQUEST_TYPE_ID IN (11001)
AND REQUEST_STAGE_ID IN (19007)
AND FIELD_ID IN (114, 115, 116, 117, 118, 119, 120, 121, 122, 123, 124, 125);

--KYC AMENDMENT
UPDATE UI_FIELD_RULES FR SET FR.IS_EDITABLE = TRUE
WHERE  REQUEST_TYPE_ID IN (11002)
AND REQUEST_STAGE_ID IN (19000)
AND FIELD_ID IN (105, 106, 107, 108, 109, 110, 111, 112, 113, 114, 115, 116, 117, 118, 119, 120, 121, 122, 123, 124, 125, 126, 127, 128, 129, 130, 131, 132, 133, 134, 142, 143, 144, 220);

-- 145 submit
-- 209 save
-- 146 rework


--
---- FIELD DISABLE STAGE READ ONLY
--UPDATE UI_FIELD_RULES FR SET FR.IS_EDITABLE = 0
--WHERE FR.REQUEST_STAGE_ID IN (19001, 19002, 19003, 19004, 19005, 19006)
--AND FR.FIELD_ID NOT IN (135, 136, 145, 146, 203, 204, 207, 208, 209);
----0137,138,139,140,141, 145, 146); --tabs excluded
--
--UPDATE UI_FIELD_RULES FR SET FR.IS_VISIBLE = 0, FR.IS_EDITABLE = 0
--WHERE FR.REQUEST_STAGE_ID IN (19006)
--AND FR.FIELD_ID IN (145, 146, 209, 136, 135); -- SUBMIT REWORK BUTTON
--
---- REQUEST HEAD DISABLE
--UPDATE UI_FIELD_RULES FR SET FR.IS_EDITABLE = 0
--WHERE FR.FIELD_ID IN (100,101,102,103,104);
--
----DISABLE DOCUMENT AND PRODUCT BUTTON
--UPDATE UI_FIELD_RULES FR SET FR.IS_EDITABLE = 0, FR.IS_VISIBLE = 0
--WHERE FIELD_ID IN (135, 136);
--
---- ENABLE PRODUCT BUTTON
--UPDATE UI_FIELD_RULES FR SET FR.IS_EDITABLE = 1, FR.IS_VISIBLE = 1
--WHERE  REQUEST_TYPE_ID IN (11000)
--AND REQUEST_STAGE_ID  = 19001
--AND FIELD_ID = 135;
---- ENABLE DOCUMENT BUTTON
--UPDATE UI_FIELD_RULES FR SET FR.IS_EDITABLE = 1, FR.IS_VISIBLE = 1
--WHERE  REQUEST_TYPE_ID IN (11000)
--AND REQUEST_STAGE_ID  = 19003
--AND FIELD_ID = 136;


INSERT INTO USER_TABLE (ID, USER_NAME, FIRST_NAME, LAST_NAME, EMAIL, COUNTRY, USER_PASSWORD, IS_ACTIVE, IS_SYSTEM_USER)
VALUES (25000, 'maggieparker', 'Maggie', 'Parker', 'maggie.parker@gmail.com', 'United States', 'password', 1, 0);
INSERT INTO USER_TABLE (ID, USER_NAME, FIRST_NAME, LAST_NAME, EMAIL, COUNTRY, USER_PASSWORD, IS_ACTIVE, IS_SYSTEM_USER)
VALUES (25001, 'brianflowers', 'Brian', 'Flowers', 'brian.flowers@gmail.com', 'United Kingdom', 'password', 1, 0);
INSERT INTO USER_TABLE (ID, USER_NAME, FIRST_NAME, LAST_NAME, EMAIL, COUNTRY, USER_PASSWORD, IS_ACTIVE, IS_SYSTEM_USER)
VALUES (25002, 'chasedawson', 'Chase', 'Dawson', 'chase.dawson@gmail.com', 'Singapore', 'password', 1, 0);
INSERT INTO USER_TABLE (ID, USER_NAME, FIRST_NAME, LAST_NAME, EMAIL, COUNTRY, USER_PASSWORD, IS_ACTIVE, IS_SYSTEM_USER)
VALUES (25003, 'robinjackson', 'Robin', 'Jackson', 'robin.jackson@gmail.com', 'Japan', 'password', 1, 0);
INSERT INTO USER_TABLE (ID, USER_NAME, FIRST_NAME, LAST_NAME, EMAIL, COUNTRY, USER_PASSWORD, IS_ACTIVE, IS_SYSTEM_USER)
VALUES (25004, 'christinefloyd', 'Christine', 'Floyd', 'christine.floyd@gmail.com', 'Vietnam', 'password', 1, 0);
INSERT INTO USER_TABLE (ID, USER_NAME, FIRST_NAME, LAST_NAME, EMAIL, COUNTRY, USER_PASSWORD, IS_ACTIVE, IS_SYSTEM_USER)
VALUES (25005, 'samueloconnor', 'Samuel', 'Oconnor', 'samuel.oconnor@gmail.com', 'Singapore', 'password', 1, 0);

--INSERT INTO USER_ROLE_TYPE (ID, ROLE_TYPE_NAME, ROLE_TYPE_DESCRIPTION) VALUES (28000, 'CREATE_NEW_CUSTOMER', 'Create New Customer');
--INSERT INTO USER_ROLE_TYPE (ID, ROLE_TYPE_NAME, ROLE_TYPE_DESCRIPTION) VALUES (28001, 'MANAGE_CUSTOMER','Manage Customer');
INSERT INTO USER_ROLE_TYPE (ID, ROLE_TYPE_NAME, ROLE_TYPE_DESCRIPTION) VALUES (28002, 'KYC_OWNER', 'KYC Owner');
INSERT INTO USER_ROLE_TYPE (ID, ROLE_TYPE_NAME, ROLE_TYPE_DESCRIPTION) VALUES (28003, 'DOCUMENT_OWNER', 'Document Owner');
INSERT INTO USER_ROLE_TYPE (ID, ROLE_TYPE_NAME, ROLE_TYPE_DESCRIPTION) VALUES (28004, 'FRONT_OFFICE', 'Font Office Approver');
INSERT INTO USER_ROLE_TYPE (ID, ROLE_TYPE_NAME, ROLE_TYPE_DESCRIPTION) VALUES (28005, 'FINAL_APPROVER', 'Final Approver');

--maggieparker : CREATE_NEW_CUSTOMER, MANAGE_CUSTOMER,
--brianflowers : CREATE_NEW_CUSTOMER, KYC_OWNER
--chasedawson :  DOCUMENT_OWNER, MANAGE_CUSTOMER
--robinjackson : FRONT_OFFICE
--christinefloyd : FINAL_APPROVER
--samueloconnor : FINAL_APPROVER, KYC_OWNER


--INSERT INTO USER_PERMISSION (USER_ID, ROLE_TYPE_ID) VALUES (25000, 28000);
--INSERT INTO USER_PERMISSION (USER_ID, ROLE_TYPE_ID) VALUES (25000, 28001);
--INSERT INTO USER_PERMISSION (USER_ID, ROLE_TYPE_ID) VALUES (25002, 28001);
--INSERT INTO USER_PERMISSION (USER_ID, ROLE_TYPE_ID) VALUES (25001, 28000);


INSERT INTO USER_PERMISSION (USER_ID, ROLE_TYPE_ID) VALUES (25000, 28002);
INSERT INTO USER_PERMISSION (USER_ID, ROLE_TYPE_ID) VALUES (25000, 28003);
INSERT INTO USER_PERMISSION (USER_ID, ROLE_TYPE_ID) VALUES (25000, 28004);
INSERT INTO USER_PERMISSION (USER_ID, ROLE_TYPE_ID) VALUES (25000, 28005);

INSERT INTO USER_PERMISSION (USER_ID, ROLE_TYPE_ID) VALUES (25001, 28002);

INSERT INTO USER_PERMISSION (USER_ID, ROLE_TYPE_ID) VALUES (25002, 28003);

INSERT INTO USER_PERMISSION (USER_ID, ROLE_TYPE_ID) VALUES (25003, 28004);
INSERT INTO USER_PERMISSION (USER_ID, ROLE_TYPE_ID) VALUES (25003, 28005);

INSERT INTO USER_PERMISSION (USER_ID, ROLE_TYPE_ID) VALUES (25004, 28005);

INSERT INTO USER_PERMISSION (USER_ID, ROLE_TYPE_ID) VALUES (25005, 28002);
INSERT INTO USER_PERMISSION (USER_ID, ROLE_TYPE_ID) VALUES (25005, 28005);

INSERT INTO RQ_REQUEST (REQUEST_ID, REQUEST_TYPE, REQUEST_STAGE, CREATED_BY, CREATED_DATE, UPDATED_BY, UPDATED_DATE)
VALUES (1000, 11000, 19000, 25000, '2023-01-01 12:45:00', 25000, '2023-01-01 12:45:00');
INSERT INTO RQ_CUSTOMER (ID,  REQUEST, TITLE_TYPE, FIRST_NAME, LAST_NAME, DISPLAY_NAME, DATE_OF_BIRTH, NATIONALITY_TYPE, EMAIL, ORGANISATION_NAME, CUSTOMER_TYPE, EDUCATION_LEVEL_TYPE, HOME_OWNERSHIP_TYPE, MARITAL_STATUS_TYPE, PROFESSION_TYPE, YEARLY_INCOME_TYPE, NOMINEE_RELATIONSHIP_TYPE, NOMINEE_DATE_OF_BIRTH, NOMINEE_FIRST_NAME, NOMINEE_LAST_NAME, CREATED_BY, CREATED_DATE, UPDATED_BY, UPDATED_DATE)
VALUES (1000, 1000, 12000, 'Tom', 'Curise', 'Tom Cruise', '1998-01-01', 21083, 'tom.cruise@gmail.com', 'Film Industry', 14000, 17000, 21000, 13000, 15000, 18000, 22000, '2000-02-02', 'Alia', 'Bhat', 25000, '2023-01-01 12:00:00', 25000, '2023-01-01 12:00:00');
INSERT INTO RQ_ADDRESS (ID, REQUEST, REGISTERED_ADDRESS_LINE1, REGISTERED_ADDRESS_LINE2, REGISTERED_ADDRESS_CITY, REGISTERED_ADDRESS_STATE, REGISTERED_ADDRESS_COUNTRY_TYPE, REGISTERED_ADDRESS_POSTAL_CODE, COMMUNICATION_ADDRESS_LINE1, COMMUNICATION_ADDRESS_LINE2, COMMUNICATION_ADDRESS_CITY, COMMUNICATION_ADDRESS_STATE, COMMUNICATION_ADDRESS_COUNTRY_TYPE, COMMUNICATION_ADDRESS_POSTAL_CODE, CREATED_BY, CREATED_DATE, UPDATED_BY, UPDATED_DATE)
VALUES (1000, 1000, 'REG ADD L1', 'REG ADD L2', 'REG ADD CITY', 'REG ADD STATE', 21087, 'REG ADD POST CODE','COMM ADD L1', 'COMM ADD L2', 'COMM ADD CITY', 'COMM CITY STATE', 21087, 'COMM POST CODE', 25000, '2023-02-02 12:00:00', 25000, '2023-02-02 12:00:00');

INSERT INTO REQUEST_STAGE (STAGE_ID, REQUEST,  STAGE_TYPE, STATUS_TYPE, CREATED_DATE, CREATED_BY, UPDATED_DATE, UPDATED_BY)
VALUES (1, 1000, 19000, 26000, NULL, NULL, NULL, NULL);
INSERT INTO REQUEST_STAGE (STAGE_ID, REQUEST,  STAGE_TYPE, STATUS_TYPE, CREATED_DATE, CREATED_BY, UPDATED_DATE, UPDATED_BY)
VALUES (2, 1000, 19001, 26001, NULL, NULL, NULL, NULL);
INSERT INTO REQUEST_STAGE (STAGE_ID, REQUEST,  STAGE_TYPE, STATUS_TYPE, CREATED_DATE, CREATED_BY, UPDATED_DATE, UPDATED_BY)
VALUES (3, 1000, 19002, 26001, NULL, NULL, NULL, NULL);
INSERT INTO REQUEST_STAGE (STAGE_ID, REQUEST,  STAGE_TYPE, STATUS_TYPE, CREATED_DATE, CREATED_BY, UPDATED_DATE, UPDATED_BY)
VALUES (4, 1000, 19003, 26001, NULL, NULL, NULL, NULL);
INSERT INTO REQUEST_STAGE (STAGE_ID, REQUEST,  STAGE_TYPE, STATUS_TYPE, CREATED_DATE, CREATED_BY, UPDATED_DATE, UPDATED_BY)
VALUES (5, 1000, 19004, 26001, NULL, NULL, NULL, NULL);


INSERT INTO RQ_REQUEST (REQUEST_ID, REQUEST_TYPE, REQUEST_STAGE, CREATED_BY, CREATED_DATE, UPDATED_BY, UPDATED_DATE)
VALUES (1001, 11000, 19001, 25000, '2023-01-01 12:45:00', 25000, '2023-01-01 12:45:00');
INSERT INTO RQ_CUSTOMER (ID,  REQUEST, TITLE_TYPE, FIRST_NAME, LAST_NAME, DISPLAY_NAME, DATE_OF_BIRTH, NATIONALITY_TYPE, EMAIL, ORGANISATION_NAME, CUSTOMER_TYPE, EDUCATION_LEVEL_TYPE, HOME_OWNERSHIP_TYPE, MARITAL_STATUS_TYPE, PROFESSION_TYPE, YEARLY_INCOME_TYPE, NOMINEE_RELATIONSHIP_TYPE, NOMINEE_DATE_OF_BIRTH, NOMINEE_FIRST_NAME, NOMINEE_LAST_NAME, CREATED_BY, CREATED_DATE, UPDATED_BY, UPDATED_DATE)
VALUES (1001, 1001, 12000, 'Tom', 'Curise', 'Tom Cruise', '1998-01-01', 21083, 'tom.cruise@gmail.com', 'Film Industry', 14000, 17000, 21000, 13000, 15000, 18000, 22000, '2000-02-02', 'Alia', 'Bhat', 25000, '2023-01-01 12:00:00', 25000, '2023-01-01 12:00:00');
INSERT INTO RQ_ADDRESS (ID, REQUEST, REGISTERED_ADDRESS_LINE1, REGISTERED_ADDRESS_LINE2, REGISTERED_ADDRESS_CITY, REGISTERED_ADDRESS_STATE, REGISTERED_ADDRESS_COUNTRY_TYPE, REGISTERED_ADDRESS_POSTAL_CODE, COMMUNICATION_ADDRESS_LINE1, COMMUNICATION_ADDRESS_LINE2, COMMUNICATION_ADDRESS_CITY, COMMUNICATION_ADDRESS_STATE, COMMUNICATION_ADDRESS_COUNTRY_TYPE, COMMUNICATION_ADDRESS_POSTAL_CODE, CREATED_BY, CREATED_DATE, UPDATED_BY, UPDATED_DATE)
VALUES (1001, 1001, 'REG ADD L1', 'REG ADD L2', 'REG ADD CITY', 'REG ADD STATE', 21087, 'REG ADD POST CODE','COMM ADD L1', 'COMM ADD L2', 'COMM ADD CITY', 'COMM CITY STATE', 21087, 'COMM POST CODE', 25000, '2023-02-02 12:00:00', 25000, '2023-02-02 12:00:00');

INSERT INTO REQUEST_STAGE (STAGE_ID, REQUEST,  STAGE_TYPE, STATUS_TYPE, CREATED_DATE, CREATED_BY, UPDATED_DATE, UPDATED_BY)
VALUES (11, 1001, 19000, 26002, NULL, NULL, NULL, NULL);
INSERT INTO REQUEST_STAGE (STAGE_ID, REQUEST,  STAGE_TYPE, STATUS_TYPE, CREATED_DATE, CREATED_BY, UPDATED_DATE, UPDATED_BY)
VALUES (12, 1001, 19001, 26000, NULL, NULL, NULL, NULL);
INSERT INTO REQUEST_STAGE (STAGE_ID, REQUEST,  STAGE_TYPE, STATUS_TYPE, CREATED_DATE, CREATED_BY, UPDATED_DATE, UPDATED_BY)
VALUES (13, 1001, 19002, 26000, NULL, NULL, NULL, NULL);
INSERT INTO REQUEST_STAGE (STAGE_ID, REQUEST,  STAGE_TYPE, STATUS_TYPE, CREATED_DATE, CREATED_BY, UPDATED_DATE, UPDATED_BY)
VALUES (14, 1001, 19003, 26001, NULL, NULL, NULL, NULL);
INSERT INTO REQUEST_STAGE (STAGE_ID, REQUEST,  STAGE_TYPE, STATUS_TYPE, CREATED_DATE, CREATED_BY, UPDATED_DATE, UPDATED_BY)
VALUES (15, 1001, 19004, 26001, NULL, NULL, NULL, NULL);


INSERT INTO RQ_REQUEST (REQUEST_ID, REQUEST_TYPE, REQUEST_STAGE, CREATED_BY, CREATED_DATE, UPDATED_BY, UPDATED_DATE)
VALUES (1002, 11000, 19002, 25000, '2023-01-01 12:45:00', 25000, '2023-01-01 12:45:00');
INSERT INTO RQ_CUSTOMER (ID,  REQUEST, TITLE_TYPE, FIRST_NAME, LAST_NAME, DISPLAY_NAME, DATE_OF_BIRTH, NATIONALITY_TYPE, EMAIL, ORGANISATION_NAME, CUSTOMER_TYPE, EDUCATION_LEVEL_TYPE, HOME_OWNERSHIP_TYPE, MARITAL_STATUS_TYPE, PROFESSION_TYPE, YEARLY_INCOME_TYPE, NOMINEE_RELATIONSHIP_TYPE, NOMINEE_DATE_OF_BIRTH, NOMINEE_FIRST_NAME, NOMINEE_LAST_NAME, CREATED_BY, CREATED_DATE, UPDATED_BY, UPDATED_DATE)
VALUES (1002, 1002, 12000, 'Tom', 'Curise', 'Tom Cruise', '1998-01-01', 21083, 'tom.cruise@gmail.com', 'Film Industry', 14000, 17000, 21000, 13000, 15000, 18000, 22000, '2000-02-02', 'Alia', 'Bhat', 25000, '2023-01-01 12:00:00', 25000, '2023-01-01 12:00:00');
INSERT INTO RQ_ADDRESS (ID, REQUEST, REGISTERED_ADDRESS_LINE1, REGISTERED_ADDRESS_LINE2, REGISTERED_ADDRESS_CITY, REGISTERED_ADDRESS_STATE, REGISTERED_ADDRESS_COUNTRY_TYPE, REGISTERED_ADDRESS_POSTAL_CODE, COMMUNICATION_ADDRESS_LINE1, COMMUNICATION_ADDRESS_LINE2, COMMUNICATION_ADDRESS_CITY, COMMUNICATION_ADDRESS_STATE, COMMUNICATION_ADDRESS_COUNTRY_TYPE, COMMUNICATION_ADDRESS_POSTAL_CODE, CREATED_BY, CREATED_DATE, UPDATED_BY, UPDATED_DATE)
VALUES (1002, 1002, 'REG ADD L1', 'REG ADD L2', 'REG ADD CITY', 'REG ADD STATE', 21087, 'REG ADD POST CODE','COMM ADD L1', 'COMM ADD L2', 'COMM ADD CITY', 'COMM CITY STATE', 21087, 'COMM POST CODE', 25000, '2023-02-02 12:00:00', 25000, '2023-02-02 12:00:00');

INSERT INTO REQUEST_STAGE (STAGE_ID, REQUEST,  STAGE_TYPE, STATUS_TYPE, CREATED_DATE, CREATED_BY, UPDATED_DATE, UPDATED_BY)
VALUES (21, 1002, 19000, 26002, NULL, NULL, NULL, NULL);
INSERT INTO REQUEST_STAGE (STAGE_ID, REQUEST,  STAGE_TYPE, STATUS_TYPE, CREATED_DATE, CREATED_BY, UPDATED_DATE, UPDATED_BY)
VALUES (22, 1002, 19001, 26002, NULL, NULL, NULL, NULL);
INSERT INTO REQUEST_STAGE (STAGE_ID, REQUEST,  STAGE_TYPE, STATUS_TYPE, CREATED_DATE, CREATED_BY, UPDATED_DATE, UPDATED_BY)
VALUES (23, 1002, 19001, 26000, NULL, NULL, NULL, NULL);
INSERT INTO REQUEST_STAGE (STAGE_ID, REQUEST,  STAGE_TYPE, STATUS_TYPE, CREATED_DATE, CREATED_BY, UPDATED_DATE, UPDATED_BY)
VALUES (24, 1002, 19003, 26001, NULL, NULL, NULL, NULL);
INSERT INTO REQUEST_STAGE (STAGE_ID, REQUEST,  STAGE_TYPE, STATUS_TYPE, CREATED_DATE, CREATED_BY, UPDATED_DATE, UPDATED_BY)
VALUES (25, 1002, 19004, 26001, NULL, NULL, NULL, NULL);


--
--
INSERT INTO CUSTOMER_STORE (CUSTOMER_ID, TITLE_TYPE, FIRST_NAME, LAST_NAME, DISPLAY_NAME, DATE_OF_BIRTH, EMAIL, ORGANISATION_NAME, CUSTOMER_TYPE, EDUCATION_LEVEL_TYPE, HOME_OWNERSHIP_TYPE, MARITAL_STATUS_TYPE, NATIONALITY_TYPE, PROFESSION_TYPE, YEARLY_INCOME_TYPE, NOMINEE_RELATIONSHIP_TYPE, NOMINEE_DATE_OF_BIRTH, NOMINEE_FIRST_NAME, NOMINEE_LAST_NAME,CREATED_DATE, CREATED_BY, UPDATED_DATE, UPDATED_BY)
VALUES (100001, 12000, 'John', 'Wick', 'John Wick','1998-01-01', 'john.wick@gmail.com', 'Wick House LLC', 14000, 17000, 21000, 13000, 21000, 15000, 18000, 22000, '1998-01-01', 'Skyla', 'Teagan', '2023-01-01 12:00-00', 25002, '2023-01-01 12:00-00', 25002);
INSERT INTO CUSTOMER_STORE (CUSTOMER_ID, TITLE_TYPE, FIRST_NAME, LAST_NAME, DISPLAY_NAME, DATE_OF_BIRTH, EMAIL, ORGANISATION_NAME, CUSTOMER_TYPE, EDUCATION_LEVEL_TYPE, HOME_OWNERSHIP_TYPE, MARITAL_STATUS_TYPE, NATIONALITY_TYPE, PROFESSION_TYPE, YEARLY_INCOME_TYPE, NOMINEE_RELATIONSHIP_TYPE, NOMINEE_DATE_OF_BIRTH, NOMINEE_FIRST_NAME, NOMINEE_LAST_NAME,CREATED_DATE, CREATED_BY, UPDATED_DATE, UPDATED_BY)
VALUES (100002, 12000, 'Albert', 'Duran', 'Albert Duran','1998-01-01', 'albert.duran@gmail.com', 'Duran House LLC', 14000, 17000, 21000, 13000, 21000, 15000, 18000, 22000, '1998-01-01', 'Shiloh', 'Taryn', '2023-01-01 12:00-00', 25002, '2023-01-01 12:00-00', 25002);
INSERT INTO CUSTOMER_STORE (CUSTOMER_ID, TITLE_TYPE, FIRST_NAME, LAST_NAME, DISPLAY_NAME, DATE_OF_BIRTH, EMAIL, ORGANISATION_NAME, CUSTOMER_TYPE, EDUCATION_LEVEL_TYPE, HOME_OWNERSHIP_TYPE, MARITAL_STATUS_TYPE, NATIONALITY_TYPE, PROFESSION_TYPE, YEARLY_INCOME_TYPE, NOMINEE_RELATIONSHIP_TYPE, NOMINEE_DATE_OF_BIRTH, NOMINEE_FIRST_NAME, NOMINEE_LAST_NAME,CREATED_DATE, CREATED_BY, UPDATED_DATE, UPDATED_BY)
VALUES (100003, 12000, 'Meredith', 'Odonnell', 'Meredith Odonnell','1998-01-01', 'meredith.odonnell@gmail.com', 'Odonnell House LLC', 14000, 17000, 21000, 13000, 21000, 15000, 18000, 22000, '1998-01-01', 'Susan', 'Sandoval', '2023-01-01 12:00-00', 25002, '2023-01-01 12:00-00', 25002);
INSERT INTO CUSTOMER_STORE (CUSTOMER_ID, TITLE_TYPE, FIRST_NAME, LAST_NAME, DISPLAY_NAME, DATE_OF_BIRTH, EMAIL, ORGANISATION_NAME, CUSTOMER_TYPE, EDUCATION_LEVEL_TYPE, HOME_OWNERSHIP_TYPE, MARITAL_STATUS_TYPE, NATIONALITY_TYPE, PROFESSION_TYPE, YEARLY_INCOME_TYPE, NOMINEE_RELATIONSHIP_TYPE, NOMINEE_DATE_OF_BIRTH, NOMINEE_FIRST_NAME, NOMINEE_LAST_NAME,CREATED_DATE, CREATED_BY, UPDATED_DATE, UPDATED_BY)
VALUES (100004, 12000, 'Kole', 'Lowe', 'Kole Lowe','1998-01-01', 'kole.lowe@gmail.com', 'Lowe House LLC', 14000, 17000, 21000, 13000, 21000, 15000, 18000, 22000, '1998-01-01', 'Carlos', 'Christian', '2023-01-01 12:00-00', 25002, '2023-01-01 12:00-00', 25002);
INSERT INTO CUSTOMER_STORE (CUSTOMER_ID, TITLE_TYPE, FIRST_NAME, LAST_NAME, DISPLAY_NAME, DATE_OF_BIRTH, EMAIL, ORGANISATION_NAME, CUSTOMER_TYPE, EDUCATION_LEVEL_TYPE, HOME_OWNERSHIP_TYPE, MARITAL_STATUS_TYPE, NATIONALITY_TYPE, PROFESSION_TYPE, YEARLY_INCOME_TYPE, NOMINEE_RELATIONSHIP_TYPE, NOMINEE_DATE_OF_BIRTH, NOMINEE_FIRST_NAME, NOMINEE_LAST_NAME,CREATED_DATE, CREATED_BY, UPDATED_DATE, UPDATED_BY)
VALUES (100005, 12000, 'Terrence', 'Cochran', 'Terrence Cochran','1998-01-01', 'terrence.cochran@gmail.com', 'Cochran House LLC', 14000, 17000, 21000, 13000, 21000, 15000, 18000, 22000, '1998-01-01', 'Weston', 'Ezra', '2023-01-01 12:00-00', 25002, '2023-01-01 12:00-00', 25002);
INSERT INTO CUSTOMER_STORE (CUSTOMER_ID, TITLE_TYPE, FIRST_NAME, LAST_NAME, DISPLAY_NAME, DATE_OF_BIRTH, EMAIL, ORGANISATION_NAME, CUSTOMER_TYPE, EDUCATION_LEVEL_TYPE, HOME_OWNERSHIP_TYPE, MARITAL_STATUS_TYPE, NATIONALITY_TYPE, PROFESSION_TYPE, YEARLY_INCOME_TYPE, NOMINEE_RELATIONSHIP_TYPE, NOMINEE_DATE_OF_BIRTH, NOMINEE_FIRST_NAME, NOMINEE_LAST_NAME,CREATED_DATE, CREATED_BY, UPDATED_DATE, UPDATED_BY)
VALUES (100006, 12000, 'Taliyah', 'Espinoza', 'Taliyah Espinoza','1998-01-01', 'taliyah.espinoza@gmail.com', 'Espinoza House LLC', 14000, 17000, 21000, 13000, 21000, 15000, 18000, 22000, '1998-01-01', 'Teagan', 'Ezra', '2023-01-01 12:00-00', 25002, '2023-01-01 12:00-00', 25002);
INSERT INTO CUSTOMER_STORE (CUSTOMER_ID, TITLE_TYPE, FIRST_NAME, LAST_NAME, DISPLAY_NAME, DATE_OF_BIRTH, EMAIL, ORGANISATION_NAME, CUSTOMER_TYPE, EDUCATION_LEVEL_TYPE, HOME_OWNERSHIP_TYPE, MARITAL_STATUS_TYPE, NATIONALITY_TYPE, PROFESSION_TYPE, YEARLY_INCOME_TYPE, NOMINEE_RELATIONSHIP_TYPE, NOMINEE_DATE_OF_BIRTH, NOMINEE_FIRST_NAME, NOMINEE_LAST_NAME,CREATED_DATE, CREATED_BY, UPDATED_DATE, UPDATED_BY)
VALUES (100007, 12000, 'Carl', 'Merritt', 'Carl Merritt','1998-01-01', 'carl.merritt@gmail.com', 'Merritt House LLC', 14000, 17000, 21000, 13000, 21000, 15000, 18000, 22000, '1998-01-01', 'Taryn', 'Cuevas', '2023-01-01 12:00-00', 25002, '2023-01-01 12:00-00', 25002);
INSERT INTO CUSTOMER_STORE (CUSTOMER_ID, TITLE_TYPE, FIRST_NAME, LAST_NAME, DISPLAY_NAME, DATE_OF_BIRTH, EMAIL, ORGANISATION_NAME, CUSTOMER_TYPE, EDUCATION_LEVEL_TYPE, HOME_OWNERSHIP_TYPE, MARITAL_STATUS_TYPE, NATIONALITY_TYPE, PROFESSION_TYPE, YEARLY_INCOME_TYPE, NOMINEE_RELATIONSHIP_TYPE, NOMINEE_DATE_OF_BIRTH, NOMINEE_FIRST_NAME, NOMINEE_LAST_NAME,CREATED_DATE, CREATED_BY, UPDATED_DATE, UPDATED_BY)
VALUES (100008, 12000, 'Nicholas', 'Pollard', 'Nicholas Pollard','1998-01-01', 'nicholas.pollard@gmail.com', 'Pollard House LLC', 14000, 17000, 21000, 13000, 21000, 15000, 18000, 22000, '1998-01-01', 'Sandoval', 'Vang', '2023-01-01 12:00-00', 25002, '2023-01-01 12:00-00', 25002);
INSERT INTO CUSTOMER_STORE (CUSTOMER_ID, TITLE_TYPE, FIRST_NAME, LAST_NAME, DISPLAY_NAME, DATE_OF_BIRTH, EMAIL, ORGANISATION_NAME, CUSTOMER_TYPE, EDUCATION_LEVEL_TYPE, HOME_OWNERSHIP_TYPE, MARITAL_STATUS_TYPE, NATIONALITY_TYPE, PROFESSION_TYPE, YEARLY_INCOME_TYPE, NOMINEE_RELATIONSHIP_TYPE, NOMINEE_DATE_OF_BIRTH, NOMINEE_FIRST_NAME, NOMINEE_LAST_NAME,CREATED_DATE, CREATED_BY, UPDATED_DATE, UPDATED_BY)
VALUES (100009, 12000, 'Liliana', 'Freeman', 'Liliana Freeman','1998-01-01', 'liliana.freeman@gmail.com', 'Freeman House LLC', 14000, 17000, 21000, 13000, 21000, 15000, 18000, 22000, '1998-01-01', 'Christian', 'Skyla', '2023-01-01 12:00-00', 25002, '2023-01-01 12:00-00', 25002);
INSERT INTO CUSTOMER_STORE (CUSTOMER_ID, TITLE_TYPE, FIRST_NAME, LAST_NAME, DISPLAY_NAME, DATE_OF_BIRTH, EMAIL, ORGANISATION_NAME, CUSTOMER_TYPE, EDUCATION_LEVEL_TYPE, HOME_OWNERSHIP_TYPE, MARITAL_STATUS_TYPE, NATIONALITY_TYPE, PROFESSION_TYPE, YEARLY_INCOME_TYPE, NOMINEE_RELATIONSHIP_TYPE, NOMINEE_DATE_OF_BIRTH, NOMINEE_FIRST_NAME, NOMINEE_LAST_NAME,CREATED_DATE, CREATED_BY, UPDATED_DATE, UPDATED_BY)
VALUES (100010, 12000, 'Zackery', 'Rush', 'Zackery Rush','1998-01-01', 'zackery.rush@gmail.com', 'Rush House LLC', 14000, 17000, 21000, 13000, 21000, 15000, 18000, 22000, '1998-01-01', 'Ezra', 'Shiloh', '2023-01-01 12:00-00', 25002, '2023-01-01 12:00-00', 25002);
INSERT INTO CUSTOMER_STORE (CUSTOMER_ID, TITLE_TYPE, FIRST_NAME, LAST_NAME, DISPLAY_NAME, DATE_OF_BIRTH, EMAIL, ORGANISATION_NAME, CUSTOMER_TYPE, EDUCATION_LEVEL_TYPE, HOME_OWNERSHIP_TYPE, MARITAL_STATUS_TYPE, NATIONALITY_TYPE, PROFESSION_TYPE, YEARLY_INCOME_TYPE, NOMINEE_RELATIONSHIP_TYPE, NOMINEE_DATE_OF_BIRTH, NOMINEE_FIRST_NAME, NOMINEE_LAST_NAME,CREATED_DATE, CREATED_BY, UPDATED_DATE, UPDATED_BY)
VALUES (100011, 12000, 'Weston', 'Kelly', 'Weston Kelly','1998-01-01', 'weston.kelly@gmail.com', 'Kelly House LLC', 14000, 17000, 21000, 13000, 21000, 15000, 18000, 22000, '1998-01-01', 'Cuevas', 'Susan', '2023-01-01 12:00-00', 25002, '2023-01-01 12:00-00', 25002);
INSERT INTO CUSTOMER_STORE (CUSTOMER_ID, TITLE_TYPE, FIRST_NAME, LAST_NAME, DISPLAY_NAME, DATE_OF_BIRTH, EMAIL, ORGANISATION_NAME, CUSTOMER_TYPE, EDUCATION_LEVEL_TYPE, HOME_OWNERSHIP_TYPE, MARITAL_STATUS_TYPE, NATIONALITY_TYPE, PROFESSION_TYPE, YEARLY_INCOME_TYPE, NOMINEE_RELATIONSHIP_TYPE, NOMINEE_DATE_OF_BIRTH, NOMINEE_FIRST_NAME, NOMINEE_LAST_NAME,CREATED_DATE, CREATED_BY, UPDATED_DATE, UPDATED_BY)
VALUES (100012, 12000, 'Oswaldo', 'Brooks', 'Oswaldo Brooks','1998-01-01', 'oswaldo.brooks@gmail.com', 'Brooks House LLC', 14000, 17000, 21000, 13000, 21191, 15000, 18000, 22000, '1998-01-01', 'Vang', 'Carlos', '2023-01-01 12:00-00', 25002, '2023-01-01 12:00-00', 25002);

--
INSERT INTO ADDRESS_STORE (ADDRESS_ID, CUSTOMER, REGISTERED_ADDRESS_CITY, REGISTERED_ADDRESS_LINE1, REGISTERED_ADDRESS_LINE2, REGISTERED_ADDRESS_STATE, REGISTERED_ADDRESS_COUNTRY_TYPE, REGISTERED_ADDRESS_POSTAL_CODE, COMMUNICATION_ADDRESS_CITY, COMMUNICATION_ADDRESS_LINE1, COMMUNICATION_ADDRESS_LINE2, COMMUNICATION_ADDRESS_STATE, COMMUNICATION_ADDRESS_COUNTRY_TYPE, COMMUNICATION_ADDRESS_POSTAL_CODE, CREATED_DATE, CREATED_BY, UPDATED_DATE, UPDATED_BY)
VALUES (10000, 100001, 'REG_ADD_CITY FOR 100001', 'REG_ADD_LINE1 FOR 100001', 'REG_ADD_LINE2 FOR 100001', 'REG_ADD_STATE FOR 100001', 21149, 'REG_ADD_POSTAL_CODE FOR 100001', 'COM_ADD_CITY FOR 100001', 'COM_ADD_LINE1 FOR 100001', 'COM_ADD_LINE2 FOR 100001', 'COM_ADD_STATE FOR 100001', 21171, 'COM_ADD_POSTAL_CODE FOR 100001', '2023-01-01 12:00-00', 25002, '2023-01-01 12:00-00', 25002);
INSERT INTO ADDRESS_STORE (ADDRESS_ID, CUSTOMER, REGISTERED_ADDRESS_CITY, REGISTERED_ADDRESS_LINE1, REGISTERED_ADDRESS_LINE2, REGISTERED_ADDRESS_STATE, REGISTERED_ADDRESS_COUNTRY_TYPE, REGISTERED_ADDRESS_POSTAL_CODE, COMMUNICATION_ADDRESS_CITY, COMMUNICATION_ADDRESS_LINE1, COMMUNICATION_ADDRESS_LINE2, COMMUNICATION_ADDRESS_STATE, COMMUNICATION_ADDRESS_COUNTRY_TYPE, COMMUNICATION_ADDRESS_POSTAL_CODE, CREATED_DATE, CREATED_BY, UPDATED_DATE, UPDATED_BY)
VALUES (10001, 100002, 'REG_ADD_CITY FOR 100002', 'REG_ADD_LINE1 FOR 100002', 'REG_ADD_LINE2 FOR 100002', 'REG_ADD_STATE FOR 100002', 21150, 'REG_ADD_POSTAL_CODE FOR 100002', 'COM_ADD_CITY FOR 100002', 'COM_ADD_LINE1 FOR 100002', 'COM_ADD_LINE2 FOR 100002', 'COM_ADD_STATE FOR 100002', 21172, 'COM_ADD_POSTAL_CODE FOR 100002', '2023-01-02 12:00-00', 25003, '2023-01-02 12:00-00', 25003);
INSERT INTO ADDRESS_STORE (ADDRESS_ID, CUSTOMER, REGISTERED_ADDRESS_CITY, REGISTERED_ADDRESS_LINE1, REGISTERED_ADDRESS_LINE2, REGISTERED_ADDRESS_STATE, REGISTERED_ADDRESS_COUNTRY_TYPE, REGISTERED_ADDRESS_POSTAL_CODE, COMMUNICATION_ADDRESS_CITY, COMMUNICATION_ADDRESS_LINE1, COMMUNICATION_ADDRESS_LINE2, COMMUNICATION_ADDRESS_STATE, COMMUNICATION_ADDRESS_COUNTRY_TYPE, COMMUNICATION_ADDRESS_POSTAL_CODE, CREATED_DATE, CREATED_BY, UPDATED_DATE, UPDATED_BY)
VALUES (10002, 100003, 'REG_ADD_CITY FOR 100003', 'REG_ADD_LINE1 FOR 100003', 'REG_ADD_LINE2 FOR 100003', 'REG_ADD_STATE FOR 100003', 21151, 'REG_ADD_POSTAL_CODE FOR 100003', 'COM_ADD_CITY FOR 100003', 'COM_ADD_LINE1 FOR 100003', 'COM_ADD_LINE2 FOR 100003', 'COM_ADD_STATE FOR 100003', 21173, 'COM_ADD_POSTAL_CODE FOR 100003', '2023-01-03 12:00-00', 25004, '2023-01-03 12:00-00', 25004);
INSERT INTO ADDRESS_STORE (ADDRESS_ID, CUSTOMER, REGISTERED_ADDRESS_CITY, REGISTERED_ADDRESS_LINE1, REGISTERED_ADDRESS_LINE2, REGISTERED_ADDRESS_STATE, REGISTERED_ADDRESS_COUNTRY_TYPE, REGISTERED_ADDRESS_POSTAL_CODE, COMMUNICATION_ADDRESS_CITY, COMMUNICATION_ADDRESS_LINE1, COMMUNICATION_ADDRESS_LINE2, COMMUNICATION_ADDRESS_STATE, COMMUNICATION_ADDRESS_COUNTRY_TYPE, COMMUNICATION_ADDRESS_POSTAL_CODE, CREATED_DATE, CREATED_BY, UPDATED_DATE, UPDATED_BY)
VALUES (10003, 100004, 'REG_ADD_CITY FOR 100004', 'REG_ADD_LINE1 FOR 100004', 'REG_ADD_LINE2 FOR 100004', 'REG_ADD_STATE FOR 100004', 21152, 'REG_ADD_POSTAL_CODE FOR 100004', 'COM_ADD_CITY FOR 100004', 'COM_ADD_LINE1 FOR 100004', 'COM_ADD_LINE2 FOR 100004', 'COM_ADD_STATE FOR 100004', 21174, 'COM_ADD_POSTAL_CODE FOR 100004', '2023-01-04 12:00-00', 25005, '2023-01-04 12:00-00', 25005);
INSERT INTO ADDRESS_STORE (ADDRESS_ID, CUSTOMER, REGISTERED_ADDRESS_CITY, REGISTERED_ADDRESS_LINE1, REGISTERED_ADDRESS_LINE2, REGISTERED_ADDRESS_STATE, REGISTERED_ADDRESS_COUNTRY_TYPE, REGISTERED_ADDRESS_POSTAL_CODE, COMMUNICATION_ADDRESS_CITY, COMMUNICATION_ADDRESS_LINE1, COMMUNICATION_ADDRESS_LINE2, COMMUNICATION_ADDRESS_STATE, COMMUNICATION_ADDRESS_COUNTRY_TYPE, COMMUNICATION_ADDRESS_POSTAL_CODE, CREATED_DATE, CREATED_BY, UPDATED_DATE, UPDATED_BY)
VALUES (10004, 100005, 'REG_ADD_CITY FOR 100005', 'REG_ADD_LINE1 FOR 100005', 'REG_ADD_LINE2 FOR 100005', 'REG_ADD_STATE FOR 100005', 21153, 'REG_ADD_POSTAL_CODE FOR 100005', 'COM_ADD_CITY FOR 100005', 'COM_ADD_LINE1 FOR 100005', 'COM_ADD_LINE2 FOR 100005', 'COM_ADD_STATE FOR 100005', 21175, 'COM_ADD_POSTAL_CODE FOR 100005', '2023-01-05 12:00-00', 25002, '2023-01-05 12:00-00', 25002);
INSERT INTO ADDRESS_STORE (ADDRESS_ID, CUSTOMER, REGISTERED_ADDRESS_CITY, REGISTERED_ADDRESS_LINE1, REGISTERED_ADDRESS_LINE2, REGISTERED_ADDRESS_STATE, REGISTERED_ADDRESS_COUNTRY_TYPE, REGISTERED_ADDRESS_POSTAL_CODE, COMMUNICATION_ADDRESS_CITY, COMMUNICATION_ADDRESS_LINE1, COMMUNICATION_ADDRESS_LINE2, COMMUNICATION_ADDRESS_STATE, COMMUNICATION_ADDRESS_COUNTRY_TYPE, COMMUNICATION_ADDRESS_POSTAL_CODE, CREATED_DATE, CREATED_BY, UPDATED_DATE, UPDATED_BY)
VALUES (10005, 100006, 'REG_ADD_CITY FOR 100006', 'REG_ADD_LINE1 FOR 100006', 'REG_ADD_LINE2 FOR 100006', 'REG_ADD_STATE FOR 100006', 21154, 'REG_ADD_POSTAL_CODE FOR 100006', 'COM_ADD_CITY FOR 100006', 'COM_ADD_LINE1 FOR 100006', 'COM_ADD_LINE2 FOR 100006', 'COM_ADD_STATE FOR 100006', 21176, 'COM_ADD_POSTAL_CODE FOR 100006', '2023-01-06 12:00-00', 25003, '2023-01-06 12:00-00', 25003);
INSERT INTO ADDRESS_STORE (ADDRESS_ID, CUSTOMER, REGISTERED_ADDRESS_CITY, REGISTERED_ADDRESS_LINE1, REGISTERED_ADDRESS_LINE2, REGISTERED_ADDRESS_STATE, REGISTERED_ADDRESS_COUNTRY_TYPE, REGISTERED_ADDRESS_POSTAL_CODE, COMMUNICATION_ADDRESS_CITY, COMMUNICATION_ADDRESS_LINE1, COMMUNICATION_ADDRESS_LINE2, COMMUNICATION_ADDRESS_STATE, COMMUNICATION_ADDRESS_COUNTRY_TYPE, COMMUNICATION_ADDRESS_POSTAL_CODE, CREATED_DATE, CREATED_BY, UPDATED_DATE, UPDATED_BY)
VALUES (10006, 100007, 'REG_ADD_CITY FOR 100007', 'REG_ADD_LINE1 FOR 100007', 'REG_ADD_LINE2 FOR 100007', 'REG_ADD_STATE FOR 100007', 21155, 'REG_ADD_POSTAL_CODE FOR 100007', 'COM_ADD_CITY FOR 100007', 'COM_ADD_LINE1 FOR 100007', 'COM_ADD_LINE2 FOR 100007', 'COM_ADD_STATE FOR 100007', 21177, 'COM_ADD_POSTAL_CODE FOR 100007', '2023-01-07 12:00-00', 25004, '2023-01-07 12:00-00', 25004);
INSERT INTO ADDRESS_STORE (ADDRESS_ID, CUSTOMER, REGISTERED_ADDRESS_CITY, REGISTERED_ADDRESS_LINE1, REGISTERED_ADDRESS_LINE2, REGISTERED_ADDRESS_STATE, REGISTERED_ADDRESS_COUNTRY_TYPE, REGISTERED_ADDRESS_POSTAL_CODE, COMMUNICATION_ADDRESS_CITY, COMMUNICATION_ADDRESS_LINE1, COMMUNICATION_ADDRESS_LINE2, COMMUNICATION_ADDRESS_STATE, COMMUNICATION_ADDRESS_COUNTRY_TYPE, COMMUNICATION_ADDRESS_POSTAL_CODE, CREATED_DATE, CREATED_BY, UPDATED_DATE, UPDATED_BY)
VALUES (10007, 100008, 'REG_ADD_CITY FOR 100008', 'REG_ADD_LINE1 FOR 100008', 'REG_ADD_LINE2 FOR 100008', 'REG_ADD_STATE FOR 100008', 21156, 'REG_ADD_POSTAL_CODE FOR 100008', 'COM_ADD_CITY FOR 100008', 'COM_ADD_LINE1 FOR 100008', 'COM_ADD_LINE2 FOR 100008', 'COM_ADD_STATE FOR 100008', 21178, 'COM_ADD_POSTAL_CODE FOR 100008', '2023-01-08 12:00-00', 25005, '2023-01-08 12:00-00', 25005);
INSERT INTO ADDRESS_STORE (ADDRESS_ID, CUSTOMER, REGISTERED_ADDRESS_CITY, REGISTERED_ADDRESS_LINE1, REGISTERED_ADDRESS_LINE2, REGISTERED_ADDRESS_STATE, REGISTERED_ADDRESS_COUNTRY_TYPE, REGISTERED_ADDRESS_POSTAL_CODE, COMMUNICATION_ADDRESS_CITY, COMMUNICATION_ADDRESS_LINE1, COMMUNICATION_ADDRESS_LINE2, COMMUNICATION_ADDRESS_STATE, COMMUNICATION_ADDRESS_COUNTRY_TYPE, COMMUNICATION_ADDRESS_POSTAL_CODE, CREATED_DATE, CREATED_BY, UPDATED_DATE, UPDATED_BY)
VALUES (10008, 100009, 'REG_ADD_CITY FOR 100009', 'REG_ADD_LINE1 FOR 100009', 'REG_ADD_LINE2 FOR 100009', 'REG_ADD_STATE FOR 100009', 21157, 'REG_ADD_POSTAL_CODE FOR 100009', 'COM_ADD_CITY FOR 100009', 'COM_ADD_LINE1 FOR 100009', 'COM_ADD_LINE2 FOR 100009', 'COM_ADD_STATE FOR 100009', 21179, 'COM_ADD_POSTAL_CODE FOR 100009', '2023-01-09 12:00-00', 25002, '2023-01-09 12:00-00', 25002);
INSERT INTO ADDRESS_STORE (ADDRESS_ID, CUSTOMER, REGISTERED_ADDRESS_CITY, REGISTERED_ADDRESS_LINE1, REGISTERED_ADDRESS_LINE2, REGISTERED_ADDRESS_STATE, REGISTERED_ADDRESS_COUNTRY_TYPE, REGISTERED_ADDRESS_POSTAL_CODE, COMMUNICATION_ADDRESS_CITY, COMMUNICATION_ADDRESS_LINE1, COMMUNICATION_ADDRESS_LINE2, COMMUNICATION_ADDRESS_STATE, COMMUNICATION_ADDRESS_COUNTRY_TYPE, COMMUNICATION_ADDRESS_POSTAL_CODE, CREATED_DATE, CREATED_BY, UPDATED_DATE, UPDATED_BY)
VALUES (10009, 100010, 'REG_ADD_CITY FOR 100010', 'REG_ADD_LINE1 FOR 100010', 'REG_ADD_LINE2 FOR 100010', 'REG_ADD_STATE FOR 100010', 21158, 'REG_ADD_POSTAL_CODE FOR 100010', 'COM_ADD_CITY FOR 100010', 'COM_ADD_LINE1 FOR 100010', 'COM_ADD_LINE2 FOR 100010', 'COM_ADD_STATE FOR 100010', 21180, 'COM_ADD_POSTAL_CODE FOR 100010', '2023-01-10 12:00-00', 25003, '2023-01-10 12:00-00', 25003);
INSERT INTO ADDRESS_STORE (ADDRESS_ID, CUSTOMER, REGISTERED_ADDRESS_CITY, REGISTERED_ADDRESS_LINE1, REGISTERED_ADDRESS_LINE2, REGISTERED_ADDRESS_STATE, REGISTERED_ADDRESS_COUNTRY_TYPE, REGISTERED_ADDRESS_POSTAL_CODE, COMMUNICATION_ADDRESS_CITY, COMMUNICATION_ADDRESS_LINE1, COMMUNICATION_ADDRESS_LINE2, COMMUNICATION_ADDRESS_STATE, COMMUNICATION_ADDRESS_COUNTRY_TYPE, COMMUNICATION_ADDRESS_POSTAL_CODE, CREATED_DATE, CREATED_BY, UPDATED_DATE, UPDATED_BY)
VALUES (10010, 100011, 'REG_ADD_CITY FOR 100011', 'REG_ADD_LINE1 FOR 100011', 'REG_ADD_LINE2 FOR 100011', 'REG_ADD_STATE FOR 100011', 21159, 'REG_ADD_POSTAL_CODE FOR 100011', 'COM_ADD_CITY FOR 100011', 'COM_ADD_LINE1 FOR 100011', 'COM_ADD_LINE2 FOR 100011', 'COM_ADD_STATE FOR 100011', 21181, 'COM_ADD_POSTAL_CODE FOR 100011', '2023-01-11 12:00-00', 25004, '2023-01-11 12:00-00', 25004);
INSERT INTO ADDRESS_STORE (ADDRESS_ID, CUSTOMER, REGISTERED_ADDRESS_CITY, REGISTERED_ADDRESS_LINE1, REGISTERED_ADDRESS_LINE2, REGISTERED_ADDRESS_STATE, REGISTERED_ADDRESS_COUNTRY_TYPE, REGISTERED_ADDRESS_POSTAL_CODE, COMMUNICATION_ADDRESS_CITY, COMMUNICATION_ADDRESS_LINE1, COMMUNICATION_ADDRESS_LINE2, COMMUNICATION_ADDRESS_STATE, COMMUNICATION_ADDRESS_COUNTRY_TYPE, COMMUNICATION_ADDRESS_POSTAL_CODE, CREATED_DATE, CREATED_BY, UPDATED_DATE, UPDATED_BY)
VALUES (10011, 100012, 'REG_ADD_CITY FOR 100012', 'REG_ADD_LINE1 FOR 100012', 'REG_ADD_LINE2 FOR 100012', 'REG_ADD_STATE FOR 100012', 21160, 'REG_ADD_POSTAL_CODE FOR 100012', 'COM_ADD_CITY FOR 100012', 'COM_ADD_LINE1 FOR 100012', 'COM_ADD_LINE2 FOR 100012', 'COM_ADD_STATE FOR 100012', 21182, 'COM_ADD_POSTAL_CODE FOR 100012', '2023-01-12 12:00-00', 25005, '2023-01-12 12:00-00', 25005);

--
--INSERT INTO RQ_REQUEST (REQUEST_ID, REQUEST_TYPE, REQUEST_STAGE, CREATED_BY, CREATED_DATE, UPDATED_BY, UPDATED_DATE)
--VALUES (5001, 11000, 19000, 25000, '2023-01-01 12:45:00', 25000, '2023-01-01 12:45:00');
--INSERT INTO RQ_REQUEST (REQUEST_ID, REQUEST_TYPE, REQUEST_STAGE, CREATED_BY, CREATED_DATE, UPDATED_BY, UPDATED_DATE)
--VALUES (5002, 11001, 19000, 25000, '2023-01-01 12:45:00', 25000, '2023-01-01 12:45:00');
--INSERT INTO RQ_REQUEST (REQUEST_ID, REQUEST_TYPE, REQUEST_STAGE, CREATED_BY, CREATED_DATE, UPDATED_BY, UPDATED_DATE)
--VALUES (5003, 11001, 19000, 25000, '2023-01-01 12:45:00', 25000, '2023-01-01 12:45:00');
--
--
--INSERT INTO RQ_CUSTOMER (ID ,CUSTOMER_ID, REQUEST, TITLE_TYPE, FIRST_NAME, LAST_NAME, DISPLAY_NAME, DATE_OF_BIRTH, NATIONALITY_TYPE, EMAIL, ORGANISATION_NAME, CUSTOMER_TYPE, EDUCATION_LEVEL_TYPE, HOME_OWNERSHIP_TYPE, MARITAL_STATUS_TYPE, PROFESSION_TYPE, YEARLY_INCOME_TYPE, NOMINEE_RELATIONSHIP_TYPE, NOMINEE_DATE_OF_BIRTH, NOMINEE_FIRST_NAME, NOMINEE_LAST_NAME, CREATED_BY, CREATED_DATE, UPDATED_BY, UPDATED_DATE)
--VALUES (100, 100001, 5001, 12000, 'Tom', 'Curise', 'Tom Cruise', '1998-01-01 12:00:00', 21083, 'tom.cruise@gmail.com', 'Film Industry', 14000, 17000, 21000, 13000, 15000, 18000, 22000, '2000-02-02 12:00:00', 'Alia', 'Bhat', 25000, '2023-01-01 12:00:00', 25000, '2023-01-01 12:00:00');
--INSERT INTO RQ_CUSTOMER (ID ,CUSTOMER_ID, REQUEST, TITLE_TYPE, FIRST_NAME, LAST_NAME, DISPLAY_NAME, DATE_OF_BIRTH, NATIONALITY_TYPE, EMAIL, ORGANISATION_NAME, CUSTOMER_TYPE, EDUCATION_LEVEL_TYPE, HOME_OWNERSHIP_TYPE, MARITAL_STATUS_TYPE, PROFESSION_TYPE, YEARLY_INCOME_TYPE, NOMINEE_RELATIONSHIP_TYPE, NOMINEE_DATE_OF_BIRTH, NOMINEE_FIRST_NAME, NOMINEE_LAST_NAME, CREATED_BY, CREATED_DATE, UPDATED_BY, UPDATED_DATE)
--VALUES (101, 100001, 5002, 12000, 'Tom', 'Curise', 'Tom Cruise', '1998-01-01 12:00:00', 21083, 'tom.cruise@gmail.com', 'Film Industry', 14000, 17000, 21000, 13000, 15000, 18000, 22000, '2000-02-02 12:00:00', 'Alia', 'Bhat', 25000, '2023-01-01 12:00:00', 25000, '2023-01-01 12:00:00');
--INSERT INTO RQ_CUSTOMER (ID ,CUSTOMER_ID, REQUEST, TITLE_TYPE, FIRST_NAME, LAST_NAME, DISPLAY_NAME, DATE_OF_BIRTH, NATIONALITY_TYPE, EMAIL, ORGANISATION_NAME, CUSTOMER_TYPE, EDUCATION_LEVEL_TYPE, HOME_OWNERSHIP_TYPE, MARITAL_STATUS_TYPE, PROFESSION_TYPE, YEARLY_INCOME_TYPE, NOMINEE_RELATIONSHIP_TYPE, NOMINEE_DATE_OF_BIRTH, NOMINEE_FIRST_NAME, NOMINEE_LAST_NAME, CREATED_BY, CREATED_DATE, UPDATED_BY, UPDATED_DATE)
--VALUES (102, 100001, 5003, 12000, 'Tom', 'Curise', 'Tom Cruise', '1998-01-01 12:00:00', 21083, 'tom.cruise@gmail.com', 'Film Industry', 14000, 17000, 21000, 13000, 15000, 18000, 22000, '2000-02-02 12:00:00', 'Alia', 'Bhat', 25000, '2023-01-01 12:00:00', 25000, '2023-01-01 12:00:00');
--
--INSERT INTO RQ_ADDRESS (ID, ADDRESS_ID, REQUEST, REGISTERED_ADDRESS_LINE1, REGISTERED_ADDRESS_LINE2, REGISTERED_ADDRESS_CITY, REGISTERED_ADDRESS_STATE, REGISTERED_ADDRESS_COUNTRY_TYPE, REGISTERED_ADDRESS_POSTAL_CODE, COMMUNICATION_ADDRESS_LINE1, COMMUNICATION_ADDRESS_LINE2, COMMUNICATION_ADDRESS_CITY, COMMUNICATION_ADDRESS_STATE, COMMUNICATION_ADDRESS_COUNTRY_TYPE, COMMUNICATION_ADDRESS_POSTAL_CODE, CREATED_BY, CREATED_DATE, UPDATED_BY, UPDATED_DATE)
--VALUES (200, 3000, 5001, 'REG ADD L1', 'REG ADD L2', 'REG ADD CITY', 'REG ADD STATE', 21087, 'REG ADD POST CODE','COMM ADD L1', 'COMM ADD L2', 'COMM ADD CITY', 'COMM CITY STATE', 21087, 'COMM POST CODE', 25000, '2023-02-02 12:00:00', 25000, '2023-02-02 12:00:00');
--INSERT INTO RQ_ADDRESS (ID, ADDRESS_ID, REQUEST, REGISTERED_ADDRESS_LINE1, REGISTERED_ADDRESS_LINE2, REGISTERED_ADDRESS_CITY, REGISTERED_ADDRESS_STATE, REGISTERED_ADDRESS_COUNTRY_TYPE, REGISTERED_ADDRESS_POSTAL_CODE, COMMUNICATION_ADDRESS_LINE1, COMMUNICATION_ADDRESS_LINE2, COMMUNICATION_ADDRESS_CITY, COMMUNICATION_ADDRESS_STATE, COMMUNICATION_ADDRESS_COUNTRY_TYPE, COMMUNICATION_ADDRESS_POSTAL_CODE, CREATED_BY, CREATED_DATE, UPDATED_BY, UPDATED_DATE)
--VALUES (201, 3001, 5002, 'REG ADD L1', 'REG ADD L2', 'REG ADD CITY', 'REG ADD STATE', 21087, 'REG ADD POST CODE','COMM ADD L1', 'COMM ADD L2', 'COMM ADD CITY', 'COMM CITY STATE', 21087, 'COMM POST CODE', 25000, '2023-02-02 12:00:00', 25000, '2023-02-02 12:00:00');
--INSERT INTO RQ_ADDRESS (ID, ADDRESS_ID, REQUEST, REGISTERED_ADDRESS_LINE1, REGISTERED_ADDRESS_LINE2, REGISTERED_ADDRESS_CITY, REGISTERED_ADDRESS_STATE, REGISTERED_ADDRESS_COUNTRY_TYPE, REGISTERED_ADDRESS_POSTAL_CODE, COMMUNICATION_ADDRESS_LINE1, COMMUNICATION_ADDRESS_LINE2, COMMUNICATION_ADDRESS_CITY, COMMUNICATION_ADDRESS_STATE, COMMUNICATION_ADDRESS_COUNTRY_TYPE, COMMUNICATION_ADDRESS_POSTAL_CODE, CREATED_BY, CREATED_DATE, UPDATED_BY, UPDATED_DATE)
--VALUES (202, 3002,  5003, 'REG ADD L1', 'REG ADD L2', 'REG ADD CITY', 'REG ADD STATE', 21087, 'REG ADD POST CODE','COMM ADD L1', 'COMM ADD L2', 'COMM ADD CITY', 'COMM CITY STATE', 21087, 'COMM POST CODE', 25000, '2023-02-02 12:00:00', 25000, '2023-02-02 12:00:00');
--
--INSERT INTO RQ_PRODUCT_RELATIONSHIP (ID, PRODUCT_ID, ACCOUNT_ID, REQUEST, PRODUCT_TYPE, BRANCH_TYPE, CREATED_DATE, CREATED_BY, UPDATED_DATE, UPDATED_BY)
--VALUES (1000, 1000, 'ACC_001', 1000, 24000, 25000, '2023-01-01 12:00:00', 25003, '2023-01-01 12:00:00', 25003);
--INSERT INTO RQ_PRODUCT_RELATIONSHIP (ID, PRODUCT_ID, ACCOUNT_ID, REQUEST, PRODUCT_TYPE, BRANCH_TYPE, CREATED_DATE, CREATED_BY, UPDATED_DATE, UPDATED_BY)
--VALUES (1001, 1001, 'SAVE_001', 1000, 24001, 25001, '2023-01-01 12:00:00', 25003, '2023-01-01 12:00:00', 25003);
--INSERT INTO RQ_PRODUCT_RELATIONSHIP (ID, PRODUCT_ID, ACCOUNT_ID, REQUEST, PRODUCT_TYPE, BRANCH_TYPE, CREATED_DATE, CREATED_BY, UPDATED_DATE, UPDATED_BY)
--VALUES (1002, 1002, 'TEXT_001', 1000, 24002, 25000, '2023-01-01 12:00:00', 25003, '2023-01-01 12:00:00', 25003);
--INSERT INTO RQ_PRODUCT_RELATIONSHIP (ID, PRODUCT_ID, ACCOUNT_ID, REQUEST, PRODUCT_TYPE, BRANCH_TYPE, CREATED_DATE, CREATED_BY, UPDATED_DATE, UPDATED_BY)
--VALUES (1003, 1003, '5965855', 1000, 24003, 25000, '2023-01-01 12:00:00', 25003, '2023-01-01 12:00:00', 25003);
--INSERT INTO RQ_PRODUCT_RELATIONSHIP (ID, PRODUCT_ID, ACCOUNT_ID, REQUEST, PRODUCT_TYPE, BRANCH_TYPE, CREATED_DATE, CREATED_BY, UPDATED_DATE, UPDATED_BY)
--VALUES (1004, 1004, 'OO_XADFE', 1000, 24004, 25004, '2023-01-01 12:00:00', 25003, '2023-01-01 12:00:00', 25003);
--INSERT INTO RQ_PRODUCT_RELATIONSHIP (ID, PRODUCT_ID, ACCOUNT_ID, REQUEST, PRODUCT_TYPE, BRANCH_TYPE, CREATED_DATE, CREATED_BY, UPDATED_DATE, UPDATED_BY)
--VALUES (1005, 1005, 'ACC_123', 1000, 24005, 25001, '2023-01-01 12:00:00', 25003, '2023-01-01 12:00:00', 25003);
--INSERT INTO RQ_PRODUCT_RELATIONSHIP (ID, PRODUCT_ID, ACCOUNT_ID, REQUEST, PRODUCT_TYPE, BRANCH_TYPE, CREATED_DATE, CREATED_BY, UPDATED_DATE, UPDATED_BY)
--VALUES (1006, 1006, 'ACC_AVC', 1000, 24006, 25006, '2023-01-01 12:00:00', 25003, '2023-01-01 12:00:00', 25003);
--
--INSERT INTO RQ_DOCUMENT (ID,DOCUMENT_ID, REQUEST, DOCUMENT_TYPE, DOCUMENT_LINK_PATH, CREATED_DATE, CREATED_BY, UPDATED_DATE, UPDATED_BY)
--VALUES (1000, 1000, 1000, 26000, 'www:bankdocstore/document/1005252', '2023-01-01 12:00:00', 25003, '2023-01-01 12:00:00', 25003);
--INSERT INTO RQ_DOCUMENT (ID,DOCUMENT_ID, REQUEST, DOCUMENT_TYPE, DOCUMENT_LINK_PATH, CREATED_DATE, CREATED_BY, UPDATED_DATE, UPDATED_BY)
--VALUES (1001, 1001, 1000, 26001, 'www:bankdocstore/document/1005253', '2023-01-01 12:00:00', 25003, '2023-01-01 12:00:00', 25003);
--INSERT INTO RQ_DOCUMENT (ID,DOCUMENT_ID, REQUEST, DOCUMENT_TYPE, DOCUMENT_LINK_PATH, CREATED_DATE, CREATED_BY, UPDATED_DATE, UPDATED_BY)
--VALUES (1002, 1002, 1000, 26002, 'www:bankdocstore/document/1005254', '2023-01-01 12:00:00', 25003, '2023-01-01 12:00:00', 25003);
--INSERT INTO RQ_DOCUMENT (ID,DOCUMENT_ID, REQUEST, DOCUMENT_TYPE, DOCUMENT_LINK_PATH, CREATED_DATE, CREATED_BY, UPDATED_DATE, UPDATED_BY)
--VALUES (1003, 1003, 1000, 26003, 'www:bankdocstore/document/1005255', '2023-01-01 12:00:00', 25003, '2023-01-01 12:00:00', 25003);
--INSERT INTO RQ_DOCUMENT (ID,DOCUMENT_ID, REQUEST, DOCUMENT_TYPE, DOCUMENT_LINK_PATH, CREATED_DATE, CREATED_BY, UPDATED_DATE, UPDATED_BY)
--VALUES (1004, 1004, 1000, 26004, 'www:bankdocstore/document/1005256', '2023-01-01 12:00:00', 25003, '2023-01-01 12:00:00', 25003);
--INSERT INTO RQ_DOCUMENT (ID,DOCUMENT_ID, REQUEST, DOCUMENT_TYPE, DOCUMENT_LINK_PATH, CREATED_DATE, CREATED_BY, UPDATED_DATE, UPDATED_BY)
--VALUES (1005, 1005, 1000, 26005, 'www:bankdocstore/document/1005257', '2023-01-01 12:00:00', 25003, '2023-01-01 12:00:00', 25003);
--INSERT INTO RQ_DOCUMENT (ID,DOCUMENT_ID, REQUEST, DOCUMENT_TYPE, DOCUMENT_LINK_PATH, CREATED_DATE, CREATED_BY, UPDATED_DATE, UPDATED_BY)
--VALUES (1006, 1006, 1000, 26006, 'www:bankdocstore/document/1005258', '2023-01-01 12:00:00', 25003, '2023-01-01 12:00:00', 25003);
